Workbook
Name diff: 'Regular Season Data'!$J:$J
Name gameid: 'Regular Season Data'!$A:$A
Name managers: 'Regular Season Data'!$D:$D
Name opponent: 'Regular Season Data'!$E:$E
Name outcome: 'Regular Season Data'!$K:$K
Name owners: References!$A$2:$A$16
Name points: 'Regular Season Data'!$I:$I
Name season: 'Regular Season Data'!$F:$F
Name years: References!$A$18:$A$30

Sheet SFFL Main Page
B1: Strickland Fantasy Football League
V2: Record for Most Points Scored
B3: Historical Regular Season Table | N3: Historical Playoffs Table | V3: Manager | W3: Opponent | X3: Season | Y3: Week | Z3: Points | AA3: Weeks Held | AC3: Average Points Per Season | AH3: Founding Brothers' Cup
A4: # | B4: Owner | C4: Win | D4: Loss | E4: Tie | F4: Pct | G4: Pts Diff | H4: Pts For | I4: Pts Per Game | J4: Avg Pts in W | K4: Avg Pts in L | L4: Avg Finish | N4: Owner | O4: Win | P4: Loss | Q4: Pct | R4: Apps | S4: Rings | T4: Division Titles | V4: Brian | W4: Emily | X4: 2013 | Y4: 1 | Z4: 148 | AA4: 18 | AC4: Year | AD4: Pts per Game | AE4: Pts in W | AF4: Pts in L | AH4: Year | AI4: Winner | AJ4: Record
A5: =RANK(F5,$F$5:$F$19) -> 11 | B5: Abby | C5: =COUNTIFS(managers,B5,outcome,"W") -> 47 | D5: =COUNTIFS(managers,B5,outcome,"L") -> 57 | E5: =COUNTIFS(managers,B5,outcome,"T") -> 0 | F5: =IFERROR((C5+(0.5*E5))/SUM(C5:E5),"") -> 0.45192308 | G5: =SUMIF(managers,B5,diff) -> -506 | H5: =SUMIF(managers,B5,points) -> 8476 | I5: =H5/COUNTIF(managers,B5) -> 81.5 | J5: =AVERAGEIFS(points,managers,'SFFL Main Page'!B5,outcome,"W") -> 95.489362 | K5: =AVERAGEIFS(points,managers,'SFFL Main Page'!B5,outcome,"L") -> 69.964912 | L5: =AVERAGEIFS('Final Tables'!I:I,'Final Tables'!D:D,'SFFL Main Page'!B5) -> 6.75 | M5: AKCOVA | N5: Abby | O5: =COUNTIFS('Playoff Data'!$B:$B,'SFFL Main Page'!N5,'Playoff Data'!$H:$H,"W") -> 3 | P5: =COUNTIFS('Playoff Data'!$B:$B,'SFFL Main Page'!N5,'Playoff Data'!$H:$H,"L") -> 4 | Q5: =IFERROR((O5)/SUM(O5:P5),"") -> 0.42857143 | R5: =COUNTIFS('Final Tables'!D:D,'SFFL Main Page'!N5,'Final Tables'!Q:Q,"Y") -> 4 | S5: =COUNTIFS('Final Tables'!J:J,"1",'Final Tables'!D:D,'SFFL Main Page'!N5) -> 0 | T5: =COUNTIFS('Final Tables'!D:D,'SFFL Main Page'!N5,'Final Tables'!R:R,"Y") -> 0 | V5: Brian | W5: Russell | X5: 2014 | Y5: 6 | Z5: 149 | AA5: 2 | AC5: 2013 | AD5: =AVERAGEIF(season,'SFFL Main Page'!AC5,points) -> 90.392308 | AE5: =AVERAGEIFS(points,season,'SFFL Main Page'!AC5,outcome,"W") -> 101.96875 | AF5: =AVERAGEIFS(points,season,'SFFL Main Page'!AC5,outcome,"L") -> 79.109375 | AH5: 2013 | AI5: Russell | AJ5: =AK5&"-"&AL5 -> 4-1 | AK5: 4 | AL5: 1
A6: =RANK(F6,$F$5:$F$19) -> 12 | B6: Arnold | C6: =COUNTIFS(managers,B6,outcome,"W") -> 29 | D6: =COUNTIFS(managers,B6,outcome,"L") -> 41 | E6: =COUNTIFS(managers,B6,outcome,"T") -> 0 | F6: =IFERROR((C6+(0.5*E6))/SUM(C6:E6),"") -> 0.41428571 | G6: =SUMIF(managers,B6,diff) -> -563 | H6: =SUMIF(managers,B6,points) -> 6497 | I6: =H6/COUNTIF(managers,B6) -> 92.814286 | J6: =AVERAGEIFS(points,managers,'SFFL Main Page'!B6,outcome,"W") -> 108.68966 | K6: =AVERAGEIFS(points,managers,'SFFL Main Page'!B6,outcome,"L") -> 81.585366 | L6: =AVERAGEIFS('Final Tables'!I:I,'Final Tables'!D:D,'SFFL Main Page'!B6) -> 8.8 | M6: AKCOVA | N6: Arnold | O6: =COUNTIFS('Playoff Data'!$B:$B,'SFFL Main Page'!N6,'Playoff Data'!$H:$H,"W") -> 0 | P6: =COUNTIFS('Playoff Data'!$B:$B,'SFFL Main Page'!N6,'Playoff Data'!$H:$H,"L") -> 1 | Q6: =IFERROR((O6)/SUM(O6:P6),"") -> 0 | R6: =COUNTIFS('Final Tables'!D:D,'SFFL Main Page'!N6,'Final Tables'!Q:Q,"Y") -> 1 | S6: =COUNTIFS('Final Tables'!J:J,"1",'Final Tables'!D:D,'SFFL Main Page'!N6) -> 0 | T6: =COUNTIFS('Final Tables'!D:D,'SFFL Main Page'!N6,'Final Tables'!R:R,"Y") -> 0 | V6: Watty | W6: Emily | X6: 2014 | Y6: 8 | Z6: 157 | AA6: 62 | AC6: 2014 | AD6: =AVERAGEIF(season,'SFFL Main Page'!AC6,points) -> 89.492308 | AE6: =AVERAGEIFS(points,season,'SFFL Main Page'!AC6,outcome,"W") -> 100.55556 | AF6: =AVERAGEIFS(points,season,'SFFL Main Page'!AC6,outcome,"L") -> 78.142857 | AH6: 2014 | AI6: Russell | AJ6: =AK6&"-"&AL6 -> 4-1 | AK6: 4 | AL6: 1
A7: =RANK(F7,$F$5:$F$19) -> 6 | B7: BR | C7: =COUNTIFS(managers,B7,outcome,"W") -> 87 | D7: =COUNTIFS(managers,B7,outcome,"L") -> 84 | E7: =COUNTIFS(managers,B7,outcome,"T") -> 3 | F7: =IFERROR((C7+(0.5*E7))/SUM(C7:E7),"") -> 0.50862069 | G7: =SUMIF(managers,B7,diff) -> -251 | H7: =SUMIF(managers,B7,points) -> 15658 | I7: =H7/COUNTIF(managers,B7) -> 89.988506 | J7: =AVERAGEIFS(points,managers,'SFFL Main Page'!B7,outcome,"W") -> 101.77011 | K7: =AVERAGEIFS(points,managers,'SFFL Main Page'!B7,outcome,"L") -> 77.940476 | L7: =AVERAGEIFS('Final Tables'!I:I,'Final Tables'!D:D,'SFFL Main Page'!B7) -> 6.2307692 | M7: AKCOVA | N7: BR | O7: =COUNTIFS('Playoff Data'!$B:$B,'SFFL Main Page'!N7,'Playoff Data'!$H:$H,"W") -> 7 | P7: =COUNTIFS('Playoff Data'!$B:$B,'SFFL Main Page'!N7,'Playoff Data'!$H:$H,"L") -> 6 | Q7: =IFERROR((O7)/SUM(O7:P7),"") -> 0.53846154 | R7: =COUNTIFS('Final Tables'!D:D,'SFFL Main Page'!N7,'Final Tables'!Q:Q,"Y") -> 8 | S7: =COUNTIFS('Final Tables'!J:J,"1",'Final Tables'!D:D,'SFFL Main Page'!N7) -> 2 | T7: =COUNTIFS('Final Tables'!D:D,'SFFL Main Page'!N7,'Final Tables'!R:R,"Y") -> 2 | V7: Brent | W7: Emily | X7: 2019 | Y7: 5 | Z7: 161 | AA7: 10 | AC7: 2015 | AD7: =AVERAGEIF(season,'SFFL Main Page'!AC7,points) -> 83.544872 | AE7: =AVERAGEIFS(points,season,'SFFL Main Page'!AC7,outcome,"W") -> 94.692308 | AF7: =AVERAGEIFS(points,season,'SFFL Main Page'!AC7,outcome,"L") -> 72.397436 | AH7: 2015 | AI7: David | AJ7: =AK7&"-"&AL7 -> 3-1 | AK7: 3 | AL7: 1
A8: =RANK(F8,$F$5:$F$19) -> 1 | B8: Brent | C8: =COUNTIFS(managers,B8,outcome,"W") -> 95 | D8: =COUNTIFS(managers,B8,outcome,"L") -> 52 | E8: =COUNTIFS(managers,B8,outcome,"T") -> 1 | F8: =IFERROR((C8+(0.5*E8))/SUM(C8:E8),"") -> 0.64527027 | G8: =SUMIF(managers,B8,diff) -> 1259 | H8: =SUMIF(managers,B8,points) -> 14439 | I8: =H8/COUNTIF(managers,B8) -> 97.560811 | J8: =AVERAGEIFS(points,managers,'SFFL Main Page'!B8,outcome,"W") -> 105.35789 | K8: =AVERAGEIFS(points,managers,'SFFL Main Page'!B8,outcome,"L") -> 83.576923 | L8: =AVERAGEIFS('Final Tables'!I:I,'Final Tables'!D:D,'SFFL Main Page'!B8) -> 4.1818182 | M8: TEXAROK | N8: Brent | O8: =COUNTIFS('Playoff Data'!$B:$B,'SFFL Main Page'!N8,'Playoff Data'!$H:$H,"W") -> 4 | P8: =COUNTIFS('Playoff Data'!$B:$B,'SFFL Main Page'!N8,'Playoff Data'!$H:$H,"L") -> 8 | Q8: =IFERROR((O8)/SUM(O8:P8),"") -> 0.33333333 | R8: =COUNTIFS('Final Tables'!D:D,'SFFL Main Page'!N8,'Final Tables'!Q:Q,"Y") -> 9 | S8: =COUNTIFS('Final Tables'!J:J,"1",'Final Tables'!D:D,'SFFL Main Page'!N8) -> 1 | T8: =COUNTIFS('Final Tables'!D:D,'SFFL Main Page'!N8,'Final Tables'!R:R,"Y") -> 5 | V8: Charles | W8: Mark | X8: 2020 | Y8: 2 | Z8: 163 | AA8: 16 | AC8: 2016 | AD8: =AVERAGEIF(season,'SFFL Main Page'!AC8,points) -> 87.679487 | AE8: =AVERAGEIFS(points,season,'SFFL Main Page'!AC8,outcome,"W") -> 99.576923 | AF8: =AVERAGEIFS(points,season,'SFFL Main Page'!AC8,outcome,"L") -> 75.782051 | AH8: 2016 | AI8: David | AJ8: =AK8&"-"&AL8 -> 5-0 | AK8: 5 | AL8: 0
A9: =RANK(F9,$F$5:$F$19) -> 2 | B9: Brian | C9: =COUNTIFS(managers,B9,outcome,"W") -> 96 | D9: =COUNTIFS(managers,B9,outcome,"L") -> 77 | E9: =COUNTIFS(managers,B9,outcome,"T") -> 1 | F9: =IFERROR((C9+(0.5*E9))/SUM(C9:E9),"") -> 0.5545977 | G9: =SUMIF(managers,B9,diff) -> 286 | H9: =SUMIF(managers,B9,points) -> 16005 | I9: =H9/COUNTIF(managers,B9) -> 91.982759 | J9: =AVERAGEIFS(points,managers,'SFFL Main Page'!B9,outcome,"W") -> 103.55208 | K9: =AVERAGEIFS(points,managers,'SFFL Main Page'!B9,outcome,"L") -> 77.532468 | L9: =AVERAGEIFS('Final Tables'!I:I,'Final Tables'!D:D,'SFFL Main Page'!B9) -> 6.2307692 | M9: TEXAROK | N9: Brian | O9: =COUNTIFS('Playoff Data'!$B:$B,'SFFL Main Page'!N9,'Playoff Data'!$H:$H,"W") -> 4 | P9: =COUNTIFS('Playoff Data'!$B:$B,'SFFL Main Page'!N9,'Playoff Data'!$H:$H,"L") -> 5 | Q9: =IFERROR((O9)/SUM(O9:P9),"") -> 0.44444444 | R9: =COUNTIFS('Final Tables'!D:D,'SFFL Main Page'!N9,'Final Tables'!Q:Q,"Y") -> 6 | S9: =COUNTIFS('Final Tables'!J:J,"1",'Final Tables'!D:D,'SFFL Main Page'!N9) -> 1 | T9: =COUNTIFS('Final Tables'!D:D,'SFFL Main Page'!N9,'Final Tables'!R:R,"Y") -> 3 | V9: BR | W9: Watty | X9: 2021 | Y9: 5 | Z9: 174 | AA9: 24 | AC9: 2017 | AD9: =AVERAGEIF(season,'SFFL Main Page'!AC9,points) -> 83.762821 | AE9: =AVERAGEIFS(points,season,'SFFL Main Page'!AC9,outcome,"W") -> 94.207792 | AF9: =AVERAGEIFS(points,season,'SFFL Main Page'!AC9,outcome,"L") -> 73.155844 | AH9: 2017 | AI9: Watty | AJ9: =AK9&"-"&AL9 -> 4-1 | AK9: 4 | AL9: 1
A10: =RANK(F10,$F$5:$F$19) -> 3 | B10: Charles | C10: =COUNTIFS(managers,B10,outcome,"W") -> 82 | D10: =COUNTIFS(managers,B10,outcome,"L") -> 66 | E10: =COUNTIFS(managers,B10,outcome,"T") -> 0 | F10: =IFERROR((C10+(0.5*E10))/SUM(C10:E10),"") -> 0.55405405 | G10: =SUMIF(managers,B10,diff) -> 1025.1 | H10: =SUMIF(managers,B10,points) -> 14511.1 | I10: =H10/COUNTIF(managers,B10) -> 98.047973 | J10: =AVERAGEIFS(points,managers,'SFFL Main Page'!B10,outcome,"W") -> 108.74512 | K10: =AVERAGEIFS(points,managers,'SFFL Main Page'!B10,outcome,"L") -> 84.757576 | L10: =AVERAGEIFS('Final Tables'!I:I,'Final Tables'!D:D,'SFFL Main Page'!B10) -> 4.7272727 | M10: AKCOVA | N10: Charles | O10: =COUNTIFS('Playoff Data'!$B:$B,'SFFL Main Page'!N10,'Playoff Data'!$H:$H,"W") -> 9 | P10: =COUNTIFS('Playoff Data'!$B:$B,'SFFL Main Page'!N10,'Playoff Data'!$H:$H,"L") -> 6 | Q10: =IFERROR((O10)/SUM(O10:P10),"") -> 0.6 | R10: =COUNTIFS('Final Tables'!D:D,'SFFL Main Page'!N10,'Final Tables'!Q:Q,"Y") -> 8 | S10: =COUNTIFS('Final Tables'!J:J,"1",'Final Tables'!D:D,'SFFL Main Page'!N10) -> 2 | T10: =COUNTIFS('Final Tables'!D:D,'SFFL Main Page'!N10,'Final Tables'!R:R,"Y") -> 5 | AC10: 2018 | AD10: =AVERAGEIF(season,'SFFL Main Page'!AC10,points) -> 91.557692 | AE10: =AVERAGEIFS(points,season,'SFFL Main Page'!AC10,outcome,"W") -> 103.96104 | AF10: =AVERAGEIFS(points,season,'SFFL Main Page'!AC10,outcome,"L") -> 79.090909 | AH10: 2018 | AI10: BR | AJ10: =AK10&"-"&AL10 -> 5-1 | AK10: 5 | AL10: 1
A11: =RANK(F11,$F$5:$F$19) -> 7 | B11: David | C11: =COUNTIFS(managers,B11,outcome,"W") -> 85 | D11: =COUNTIFS(managers,B11,outcome,"L") -> 88 | E11: =COUNTIFS(managers,B11,outcome,"T") -> 1 | F11: =IFERROR((C11+(0.5*E11))/SUM(C11:E11),"") -> 0.49137931 | G11: =SUMIF(managers,B11,diff) -> -161 | H11: =SUMIF(managers,B11,points) -> 15556 | I11: =H11/COUNTIF(managers,B11) -> 89.402299 | J11: =AVERAGEIFS(points,managers,'SFFL Main Page'!B11,outcome,"W") -> 101.07059 | K11: =AVERAGEIFS(points,managers,'SFFL Main Page'!B11,outcome,"L") -> 78.125 | L11: =AVERAGEIFS('Final Tables'!I:I,'Final Tables'!D:D,'SFFL Main Page'!B11) -> 6.6923077 | M11: TEXAROK | N11: David | O11: =COUNTIFS('Playoff Data'!$B:$B,'SFFL Main Page'!N11,'Playoff Data'!$H:$H,"W") -> 5 | P11: =COUNTIFS('Playoff Data'!$B:$B,'SFFL Main Page'!N11,'Playoff Data'!$H:$H,"L") -> 8 | Q11: =IFERROR((O11)/SUM(O11:P11),"") -> 0.38461538 | R11: =COUNTIFS('Final Tables'!D:D,'SFFL Main Page'!N11,'Final Tables'!Q:Q,"Y") -> 8 | S11: =COUNTIFS('Final Tables'!J:J,"1",'Final Tables'!D:D,'SFFL Main Page'!N11) -> 0 | T11: =COUNTIFS('Final Tables'!D:D,'SFFL Main Page'!N11,'Final Tables'!R:R,"Y") -> 1 | V11: Highest Regular Season Weeks | AC11: 2019 | AD11: =AVERAGEIF(season,'SFFL Main Page'!AC11,points) -> 88.724359 | AE11: =AVERAGEIFS(points,season,'SFFL Main Page'!AC11,outcome,"W") -> 100.17949 | AF11: =AVERAGEIFS(points,season,'SFFL Main Page'!AC11,outcome,"L") -> 77.269231 | AH11: 2019 | AI11: Russell | AJ11: =AK11&"-"&AL11 -> 3-1 | AK11: 3 | AL11: 1
A12: =RANK(F12,$F$5:$F$19) -> 9 | B12: Emily | C12: =COUNTIFS(managers,B12,outcome,"W") -> 81 | D12: =COUNTIFS(managers,B12,outcome,"L") -> 92 | E12: =COUNTIFS(managers,B12,outcome,"T") -> 1 | F12: =IFERROR((C12+(0.5*E12))/SUM(C12:E12),"") -> 0.4683908 | G12: =SUMIF(managers,B12,diff) -> -766 | H12: =SUMIF(managers,B12,points) -> 15180 | I12: =H12/COUNTIF(managers,B12) -> 87.241379 | J12: =AVERAGEIFS(points,managers,'SFFL Main Page'!B12,outcome,"W") -> 100.82716 | K12: =AVERAGEIFS(points,managers,'SFFL Main Page'!B12,outcome,"L") -> 75.369565 | L12: =AVERAGEIFS('Final Tables'!I:I,'Final Tables'!D:D,'SFFL Main Page'!B12) -> 7.6363636 | M12: TEXAROK | N12: Emily | O12: =COUNTIFS('Playoff Data'!$B:$B,'SFFL Main Page'!N12,'Playoff Data'!$H:$H,"W") -> 5 | P12: =COUNTIFS('Playoff Data'!$B:$B,'SFFL Main Page'!N12,'Playoff Data'!$H:$H,"L") -> 4 | Q12: =IFERROR((O12)/SUM(O12:P12),"") -> 0.55555556 | R12: =COUNTIFS('Final Tables'!D:D,'SFFL Main Page'!N12,'Final Tables'!Q:Q,"Y") -> 4 | S12: =COUNTIFS('Final Tables'!J:J,"1",'Final Tables'!D:D,'SFFL Main Page'!N12) -> 0 | T12: =COUNTIFS('Final Tables'!D:D,'SFFL Main Page'!N12,'Final Tables'!R:R,"Y") -> 1 | V12: Rank | W12: Owner | X12: Season | Y12: Week | Z12: Pts Scored | AA12: Opponent | AC12: 2020 | AD12: =AVERAGEIF(season,'SFFL Main Page'!AC12,points) -> 88.602564 | AE12: =AVERAGEIFS(points,season,'SFFL Main Page'!AC12,outcome,"W") -> 102.37179 | AF12: =AVERAGEIFS(points,season,'SFFL Main Page'!AC12,outcome,"L") -> 74.833333 | AH12: 2020 | AI12: Watty | AJ12: =AK12&"-"&AL12 -> 3-2 | AK12: 3 | AL12: 2
A13: =RANK(F15,$F$5:$F$19) -> 13 | B13: Grayson | C13: =COUNTIFS(managers,B13,outcome,"W") -> 9 | D13: =COUNTIFS(managers,B13,outcome,"L") -> 19 | E13: =COUNTIFS(managers,B13,outcome,"T") -> 0 | F13: =IFERROR((C13+(0.5*E13))/SUM(C13:E13),"") -> 0.32142857 | G13: =SUMIF(managers,B13,diff) -> -213 | H13: =SUMIF(managers,B13,points) -> 2873 | I13: =H13/COUNTIF(managers,B13) -> 102.60714 | J13: =AVERAGEIFS(points,managers,'SFFL Main Page'!B13,outcome,"W") -> 122.55556 | K13: =AVERAGEIFS(points,managers,'SFFL Main Page'!B13,outcome,"L") -> 93.157895 | L13: =AVERAGEIFS('Final Tables'!I:I,'Final Tables'!D:D,'SFFL Main Page'!B13) -> 12.5 | M13: AKCOVA | N13: Grayson | O13: =COUNTIFS('Playoff Data'!$B:$B,'SFFL Main Page'!N13,'Playoff Data'!$H:$H,"W") -> 0 | P13: =COUNTIFS('Playoff Data'!$B:$B,'SFFL Main Page'!N13,'Playoff Data'!$H:$H,"L") -> 0 | Q13: =IFERROR((O13)/SUM(O13:P13),"") | R13: =COUNTIFS('Final Tables'!D:D,'SFFL Main Page'!N13,'Final Tables'!Q:Q,"Y") -> 0 | S13: =COUNTIFS('Final Tables'!J:J,"1",'Final Tables'!D:D,'SFFL Main Page'!N13) -> 0 | T13: =COUNTIFS('Final Tables'!D:D,'SFFL Main Page'!N13,'Final Tables'!R:R,"Y") -> 0 | V13: 1 | W13: =VLOOKUP(V13,'Regular Season Data'!C:I,2,FALSE) -> BR | X13: =VLOOKUP(V13,'Regular Season Data'!C:I,4,FALSE) -> 2021 | Y13: =VLOOKUP(V13,'Regular Season Data'!C:I,5,FALSE) -> 5 | Z13: =VLOOKUP(V13,'Regular Season Data'!C:I,7,FALSE) -> 174 | AA13: =VLOOKUP(V13,'Regular Season Data'!C:I,3,FALSE) -> Watty | AC13: 2021 | AD13: =AVERAGEIF(season,'SFFL Main Page'!AC13,points) -> 89.214286 | AE13: =AVERAGEIFS(points,season,'SFFL Main Page'!AC13,outcome,"W") -> 102.25301 | AF13: =AVERAGEIFS(points,season,'SFFL Main Page'!AC13,outcome,"L") -> 76.301205 | AH13: 2021 | AI13: Russell | AJ13: =AK13&"-"&AL13 -> 3-1 | AK13: 3 | AL13: 1
A14: =RANK(F16,$F$5:$F$19) -> 10 | B14: Jordan | C14: =COUNTIFS(managers,B14,outcome,"W") -> 11 | D14: =COUNTIFS(managers,B14,outcome,"L") -> 17 | E14: =COUNTIFS(managers,B14,outcome,"T") -> 0 | F14: =IFERROR((C14+(0.5*E14))/SUM(C14:E14),"") -> 0.39285714 | G14: =SUMIF(managers,B14,diff) -> -151 | H14: =SUMIF(managers,B14,points) -> 2975 | I14: =H14/COUNTIF(managers,B14) -> 106.25 | J14: =AVERAGEIFS(points,managers,'SFFL Main Page'!B14,outcome,"W") -> 119.72727 | K14: =AVERAGEIFS(points,managers,'SFFL Main Page'!B14,outcome,"L") -> 97.529412 | L14: =AVERAGEIFS('Final Tables'!I:I,'Final Tables'!D:D,'SFFL Main Page'!B14) -> 8 | M14: TEXAROK | N14: Jordan | O14: =COUNTIFS('Playoff Data'!$B:$B,'SFFL Main Page'!N14,'Playoff Data'!$H:$H,"W") -> 2 | P14: =COUNTIFS('Playoff Data'!$B:$B,'SFFL Main Page'!N14,'Playoff Data'!$H:$H,"L") -> 1 | Q14: =IFERROR((O14)/SUM(O14:P14),"") -> 0.66666667 | R14: =COUNTIFS('Final Tables'!D:D,'SFFL Main Page'!N14,'Final Tables'!Q:Q,"Y") -> 1 | S14: =COUNTIFS('Final Tables'!J:J,"1",'Final Tables'!D:D,'SFFL Main Page'!N14) -> 0 | T14: =COUNTIFS('Final Tables'!D:D,'SFFL Main Page'!N14,'Final Tables'!R:R,"Y") -> 0 | V14: 2 | W14: =VLOOKUP(V14,'Regular Season Data'!C:I,2,FALSE) -> Brent | X14: =VLOOKUP(V14,'Regular Season Data'!C:I,4,FALSE) -> 2025 | Y14: =VLOOKUP(V14,'Regular Season Data'!C:I,5,FALSE) -> 4 | Z14: =VLOOKUP(V14,'Regular Season Data'!C:I,7,FALSE) -> 172 | AA14: =VLOOKUP(V14,'Regular Season Data'!C:I,3,FALSE) -> Charles | AC14: 2022 | AD14: =AVERAGEIF(season,'SFFL Main Page'!AC14,points) -> 86.464286 | AE14: =AVERAGEIFS(points,season,'SFFL Main Page'!AC14,outcome,"W") -> 97.940476 | AF14: =AVERAGEIFS(points,season,'SFFL Main Page'!AC14,outcome,"L") -> 74.988095 | AH14: 2022 | AI14: David | AJ14: =AK14&"-"&AL14 -> 3-1 | AK14: 3 | AL14: 1
A15: =RANK(F17,$F$5:$F$19) -> 4 | B15: Mark | C15: =COUNTIFS(managers,B15,outcome,"W") -> 71 | D15: =COUNTIFS(managers,B15,outcome,"L") -> 102 | E15: =COUNTIFS(managers,B15,outcome,"T") -> 1 | F15: =IFERROR((C15+(0.5*E15))/SUM(C15:E15),"") -> 0.41091954 | G15: =SUMIF(managers,B15,diff) -> -1107 | H15: =SUMIF(managers,B15,points) -> 15514 | I15: =H15/COUNTIF(managers,B15) -> 89.16092 | J15: =AVERAGEIFS(points,managers,'SFFL Main Page'!B15,outcome,"W") -> 102.38028 | K15: =AVERAGEIFS(points,managers,'SFFL Main Page'!B15,outcome,"L") -> 79.95098 | L15: =AVERAGEIFS('Final Tables'!I:I,'Final Tables'!D:D,'SFFL Main Page'!B15) -> 8.3076923 | M15: AKCOVA | N15: Mark | O15: =COUNTIFS('Playoff Data'!$B:$B,'SFFL Main Page'!N15,'Playoff Data'!$H:$H,"W") -> 4 | P15: =COUNTIFS('Playoff Data'!$B:$B,'SFFL Main Page'!N15,'Playoff Data'!$H:$H,"L") -> 2 | Q15: =IFERROR((O15)/SUM(O15:P15),"") -> 0.66666667 | R15: =COUNTIFS('Final Tables'!D:D,'SFFL Main Page'!N15,'Final Tables'!Q:Q,"Y") -> 3 | S15: =COUNTIFS('Final Tables'!J:J,"1",'Final Tables'!D:D,'SFFL Main Page'!N15) -> 1 | T15: =COUNTIFS('Final Tables'!D:D,'SFFL Main Page'!N15,'Final Tables'!R:R,"Y") -> 2 | V15: 3 | W15: =VLOOKUP(V15,'Regular Season Data'!C:I,2,FALSE) -> Russell | X15: =VLOOKUP(V15,'Regular Season Data'!C:I,4,FALSE) -> 2025 | Y15: =VLOOKUP(V15,'Regular Season Data'!C:I,5,FALSE) -> 4 | Z15: =VLOOKUP(V15,'Regular Season Data'!C:I,7,FALSE) -> 171 | AA15: =VLOOKUP(V15,'Regular Season Data'!C:I,3,FALSE) -> Emily | AC15: 2023 | AD15: =AVERAGEIF(season,'SFFL Main Page'!AC15,points) -> 88.541667 | AE15: =AVERAGEIFS(points,season,'SFFL Main Page'!AC15,outcome,"W") -> 101.28571 | AF15: =AVERAGEIFS(points,season,'SFFL Main Page'!AC15,outcome,"L") -> 75.797619 | AH15: 2023 | AI15: Watty | AJ15: =AK15&"-"&AL15 -> 5-1 | AK15: 5 | AL15: 1
A16: =RANK(F18,$F$5:$F$19) -> 5 | B16: Matt | C16: =COUNTIFS(managers,B16,outcome,"W") -> 80 | D16: =COUNTIFS(managers,B16,outcome,"L") -> 93 | E16: =COUNTIFS(managers,B16,outcome,"T") -> 1 | F16: =IFERROR((C16+(0.5*E16))/SUM(C16:E16),"") -> 0.46264368 | G16: =SUMIF(managers,B16,diff) -> -70 | H16: =SUMIF(managers,B16,points) -> 15933 | I16: =H16/COUNTIF(managers,B16) -> 91.568966 | J16: =AVERAGEIFS(points,managers,'SFFL Main Page'!B16,outcome,"W") -> 102.9 | K16: =AVERAGEIFS(points,managers,'SFFL Main Page'!B16,outcome,"L") -> 81.935484 | L16: =AVERAGEIFS('Final Tables'!I:I,'Final Tables'!D:D,'SFFL Main Page'!B16) -> 6.6153846 | M16: TEXAROK | N16: Matt | O16: =COUNTIFS('Playoff Data'!$B:$B,'SFFL Main Page'!N16,'Playoff Data'!$H:$H,"W") -> 3 | P16: =COUNTIFS('Playoff Data'!$B:$B,'SFFL Main Page'!N16,'Playoff Data'!$H:$H,"L") -> 7 | Q16: =IFERROR((O16)/SUM(O16:P16),"") -> 0.3 | R16: =COUNTIFS('Final Tables'!D:D,'SFFL Main Page'!N16,'Final Tables'!Q:Q,"Y") -> 7 | S16: =COUNTIFS('Final Tables'!J:J,"1",'Final Tables'!D:D,'SFFL Main Page'!N16) -> 0 | T16: =COUNTIFS('Final Tables'!D:D,'SFFL Main Page'!N16,'Final Tables'!R:R,"Y") -> 2 | V16: 4 | W16: =VLOOKUP(V16,'Regular Season Data'!C:I,2,FALSE) -> BR | X16: =VLOOKUP(V16,'Regular Season Data'!C:I,4,FALSE) -> 2024 | Y16: =VLOOKUP(V16,'Regular Season Data'!C:I,5,FALSE) -> 8 | Z16: =VLOOKUP(V16,'Regular Season Data'!C:I,7,FALSE) -> 169 | AA16: =VLOOKUP(V16,'Regular Season Data'!C:I,3,FALSE) -> Brian | AC16: 2024 | AD16: =AVERAGEIF(season,'SFFL Main Page'!AC16,points) -> 108.30612 | AE16: =AVERAGEIFS(points,season,'SFFL Main Page'!AC16,outcome,"W") -> 120.55102 | AF16: =AVERAGEIFS(points,season,'SFFL Main Page'!AC16,outcome,"L") -> 96.061224 | AH16: 2024 | AI16: Russell | AJ16: =AK16&"-"&AL16 -> 3-1 | AK16: 3 | AL16: 1
A17: =RANK(F19,$F$5:$F$19) -> 8 | B17: Michael | C17: =COUNTIFS(managers,B17,outcome,"W") -> 94 | D17: =COUNTIFS(managers,B17,outcome,"L") -> 79 | E17: =COUNTIFS(managers,B17,outcome,"T") -> 1 | F17: =IFERROR((C17+(0.5*E17))/SUM(C17:E17),"") -> 0.54310345 | G17: =SUMIF(managers,B17,diff) -> 278 | H17: =SUMIF(managers,B17,points) -> 16154 | I17: =H17/COUNTIF(managers,B17) -> 92.83908 | J17: =AVERAGEIFS(points,managers,'SFFL Main Page'!B17,outcome,"W") -> 102.92553 | K17: =AVERAGEIFS(points,managers,'SFFL Main Page'!B17,outcome,"L") -> 80.632911 | L17: =AVERAGEIFS('Final Tables'!I:I,'Final Tables'!D:D,'SFFL Main Page'!B17) -> 5.3846154 | M17: AKCOVA | N17: Michael | O17: =COUNTIFS('Playoff Data'!$B:$B,'SFFL Main Page'!N17,'Playoff Data'!$H:$H,"W") -> 5 | P17: =COUNTIFS('Playoff Data'!$B:$B,'SFFL Main Page'!N17,'Playoff Data'!$H:$H,"L") -> 6 | Q17: =IFERROR((O17)/SUM(O17:P17),"") -> 0.45454545 | R17: =COUNTIFS('Final Tables'!D:D,'SFFL Main Page'!N17,'Final Tables'!Q:Q,"Y") -> 8 | S17: =COUNTIFS('Final Tables'!J:J,"1",'Final Tables'!D:D,'SFFL Main Page'!N17) -> 2 | T17: =COUNTIFS('Final Tables'!D:D,'SFFL Main Page'!N17,'Final Tables'!R:R,"Y") -> 3 | V17: 5 | W17: =VLOOKUP(V17,'Regular Season Data'!C:I,2,FALSE) -> Mark | X17: =VLOOKUP(V17,'Regular Season Data'!C:I,4,FALSE) -> 2025 | Y17: =VLOOKUP(V17,'Regular Season Data'!C:I,5,FALSE) -> 8 | Z17: =VLOOKUP(V17,'Regular Season Data'!C:I,7,FALSE) -> 167 | AA17: =VLOOKUP(V17,'Regular Season Data'!C:I,3,FALSE) -> David | AC17: Non-PPR | AD17: =AVERAGE(AD5:AD15) -> 87.997877 | AE17: =AVERAGE(AE5:AE15) -> 99.908441 | AF17: =AVERAGE(AF5:AF15) -> 76.078905
B18: Russell | C18: =COUNTIFS(managers,B18,outcome,"W") -> 90 | D18: =COUNTIFS(managers,B18,outcome,"L") -> 82 | E18: =COUNTIFS(managers,B18,outcome,"T") -> 2 | F18: =IFERROR((C18+(0.5*E18))/SUM(C18:E18),"") -> 0.52298851 | G18: =SUMIF(managers,B18,diff) -> 779.9 | H18: =SUMIF(managers,B18,points) -> 16395 | I18: =H18/COUNTIF(managers,B18) -> 94.224138 | J18: =AVERAGEIFS(points,managers,'SFFL Main Page'!B18,outcome,"W") -> 106.33333 | K18: =AVERAGEIFS(points,managers,'SFFL Main Page'!B18,outcome,"L") -> 80.914634 | L18: =AVERAGEIFS('Final Tables'!I:I,'Final Tables'!D:D,'SFFL Main Page'!B18) -> 5.6923077 | M18: TEXAROK | N18: Russell | O18: =COUNTIFS('Playoff Data'!$B:$B,'SFFL Main Page'!N18,'Playoff Data'!$H:$H,"W") -> 11 | P18: =COUNTIFS('Playoff Data'!$B:$B,'SFFL Main Page'!N18,'Playoff Data'!$H:$H,"L") -> 7 | Q18: =IFERROR((O18)/SUM(O18:P18),"") -> 0.61111111 | R18: =COUNTIFS('Final Tables'!D:D,'SFFL Main Page'!N18,'Final Tables'!Q:Q,"Y") -> 9 | S18: =COUNTIFS('Final Tables'!J:J,"1",'Final Tables'!D:D,'SFFL Main Page'!N18) -> 2 | T18: =COUNTIFS('Final Tables'!D:D,'SFFL Main Page'!N18,'Final Tables'!R:R,"Y") -> 1 | V18: 6 | W18: =VLOOKUP(V18,'Regular Season Data'!C:I,2,FALSE) -> Jordan | X18: =VLOOKUP(V18,'Regular Season Data'!C:I,4,FALSE) -> 2024 | Y18: =VLOOKUP(V18,'Regular Season Data'!C:I,5,FALSE) -> 2 | Z18: =VLOOKUP(V18,'Regular Season Data'!C:I,7,FALSE) -> 165 | AA18: =VLOOKUP(V18,'Regular Season Data'!C:I,3,FALSE) -> Grayson | AC18: PPR% Inc | AD18: =(AD16-AD17)/AD17 -> 0.23078108 | AE18: =(AE16-AE17)/AE17 -> 0.20661497 | AF18: =(AF16-AF17)/AF17 -> 0.26265256
B19: Watty | C19: =COUNTIFS(managers,B19,outcome,"W") -> 83 | D19: =COUNTIFS(managers,B19,outcome,"L") -> 91 | E19: =COUNTIFS(managers,B19,outcome,"T") -> 0 | F19: =IFERROR((C19+(0.5*E19))/SUM(C19:E19),"") -> 0.47701149 | G19: =SUMIF(managers,B19,diff) -> 160 | H19: =SUMIF(managers,B19,points) -> 15662 | I19: =H19/COUNTIF(managers,B19) -> 90.011494 | J19: =AVERAGEIFS(points,managers,'SFFL Main Page'!B19,outcome,"W") -> 104.75904 | K19: =AVERAGEIFS(points,managers,'SFFL Main Page'!B19,outcome,"L") -> 76.56044 | L19: =AVERAGEIFS('Final Tables'!I:I,'Final Tables'!D:D,'SFFL Main Page'!B19) -> 7.3846154 | M19: AKCOVA | N19: Watty | O19: =COUNTIFS('Playoff Data'!$B:$B,'SFFL Main Page'!N19,'Playoff Data'!$H:$H,"W") -> 7 | P19: =COUNTIFS('Playoff Data'!$B:$B,'SFFL Main Page'!N19,'Playoff Data'!$H:$H,"L") -> 4 | Q19: =IFERROR((O19)/SUM(O19:P19),"") -> 0.63636364 | R19: =COUNTIFS('Final Tables'!D:D,'SFFL Main Page'!N19,'Final Tables'!Q:Q,"Y") -> 6 | S19: =COUNTIFS('Final Tables'!J:J,"1",'Final Tables'!D:D,'SFFL Main Page'!N19) -> 2 | T19: =COUNTIFS('Final Tables'!D:D,'SFFL Main Page'!N19,'Final Tables'!R:R,"Y") -> 1 | V19: 7 | W19: =VLOOKUP(V19,'Regular Season Data'!C:I,2,FALSE) -> Mark | X19: =VLOOKUP(V19,'Regular Season Data'!C:I,4,FALSE) -> 2024 | Y19: =VLOOKUP(V19,'Regular Season Data'!C:I,5,FALSE) -> 10 | Z19: =VLOOKUP(V19,'Regular Season Data'!C:I,7,FALSE) -> 164 | AA19: =VLOOKUP(V19,'Regular Season Data'!C:I,3,FALSE) -> Watty
B20: Overall | C20: =SUM(C5:C19) -> 1040 | D20: =SUM(D5:D19) -> 1040 | E20: =SUM(E5:E19) -> 12 | H20: =SUM(H5:H19) -> 191828.1 | I20: =AVERAGE(points) -> 91.696033 | J20: =AVERAGEIFS(points,outcome,"W") -> 103.82702 | K20: =AVERAGEIFS(points,outcome,"L") -> 79.590385 | N20: Overall | O20: =SUM(O5:O19) -> 69 | P20: =SUM(P5:P19) -> 69 | Q20: =IFERROR((O20+(0.5*#REF!))/SUM(O20:P20),"") | V20: 8 | W20: =VLOOKUP(V20,'Regular Season Data'!C:I,2,FALSE) -> Charles | X20: =VLOOKUP(V20,'Regular Season Data'!C:I,4,FALSE) -> 2020 | Y20: =VLOOKUP(V20,'Regular Season Data'!C:I,5,FALSE) -> 2 | Z20: =VLOOKUP(V20,'Regular Season Data'!C:I,7,FALSE) -> 163 | AA20: =VLOOKUP(V20,'Regular Season Data'!C:I,3,FALSE) -> Mark
V21: 9 | W21: =VLOOKUP(V21,'Regular Season Data'!C:I,2,FALSE) -> Brent | X21: =VLOOKUP(V21,'Regular Season Data'!C:I,4,FALSE) -> 2019 | Y21: =VLOOKUP(V21,'Regular Season Data'!C:I,5,FALSE) -> 5 | Z21: =VLOOKUP(V21,'Regular Season Data'!C:I,7,FALSE) -> 161 | AA21: =VLOOKUP(V21,'Regular Season Data'!C:I,3,FALSE) -> Emily
B22: Historical Division Head to Head | F22: Top 5 Biggest Beatdowns of All Time | N22: Founding Brothers' Cup | V22: 10 | W22: =VLOOKUP(V22,'Regular Season Data'!C:I,2,FALSE) -> #N/A | X22: =VLOOKUP(V22,'Regular Season Data'!C:I,4,FALSE) -> #N/A | Y22: =VLOOKUP(V22,'Regular Season Data'!C:I,5,FALSE) -> #N/A | Z22: =VLOOKUP(V22,'Regular Season Data'!C:I,7,FALSE) -> #N/A | AA22: =VLOOKUP(V22,'Regular Season Data'!C:I,3,FALSE) -> #N/A | AE22: Year | AF22: 2025
B23: TEXAROK | D23: AKCOVA | F23: Rank | G23: Owner | H23: Opponent | I23: Pts Scored | J23: Margin | K23: Year | L23: Week | N23: Brother | O23: Win | P23: Loss | Q23: Pct | Y23: Founding Brothers vs Kids | AE23: Founding Brothers' Cup
B24: Regular Season | F24: 1 | G24: =VLOOKUP(F24,'Regular Season Data'!$B:$M,3,FALSE) -> Watty | H24: =VLOOKUP(F24,'Regular Season Data'!$B:$M,4,FALSE) -> Emily | I24: =VLOOKUP(F24,'Regular Season Data'!$B:$M,8,FALSE) -> 135 | J24: =VLOOKUP(F24,'Regular Season Data'!$B:$M,9,FALSE) -> 99 | K24: =VLOOKUP(F24,'Regular Season Data'!$B:$M,5,FALSE) -> 2019 | L24: =VLOOKUP(F24,'Regular Season Data'!$B:$M,6,FALSE) -> 9 | N24: BR | O24: {=SUM(COUNTIFS(managers,'SFFL Main Page'!N24,opponent,{"David","Russell","Watty"},outcome,"W"))} -> 19 | P24: {=SUM(COUNTIFS(managers,'SFFL Main Page'!N24,opponent,{"David","Russell","Watty"},outcome,"L"))} -> 27 | Q24: =IFERROR((O24)/SUM(O24:P24),"") -> 0.41304348 | Y24: Brother | Z24: Win | AA24: Loss | AB24: Tie | AC24: Pct | AE24: Brother | AF24: Win | AG24: Loss | AH24: Pct
A25: {=IFERROR(INDEX(gameid,MATCH(MAX(IF(managers=$C$3,IF(season=#REF!,points))),IF(opponent<>$C$3,points),0)),"")} | B25: Wins | C25: T | D25: Wins | F25: 2 | G25: =VLOOKUP(F25,'Regular Season Data'!$B:$M,3,FALSE) -> Charles | H25: =VLOOKUP(F25,'Regular Season Data'!$B:$M,4,FALSE) -> Abby | I25: =VLOOKUP(F25,'Regular Season Data'!$B:$M,8,FALSE) -> 149 | J25: =VLOOKUP(F25,'Regular Season Data'!$B:$M,9,FALSE) -> 93 | K25: =VLOOKUP(F25,'Regular Season Data'!$B:$M,5,FALSE) -> 2020 | L25: =VLOOKUP(F25,'Regular Season Data'!$B:$M,6,FALSE) -> 3 | N25: David | O25: {=SUM(COUNTIFS(managers,'SFFL Main Page'!N25,opponent,{"BR","Russell","Watty"},outcome,"W"))} -> 25 | P25: {=SUM(COUNTIFS(managers,'SFFL Main Page'!N25,opponent,{"BR","Russell","Watty"},outcome,"L"))} -> 23 | Q25: =IFERROR((O25)/SUM(O25:P25),"") -> 0.52083333 | Y25: BR | Z25: {=SUM(COUNTIFS(managers,'SFFL Main Page'!Y25,opponent,{"Charles","Arnold"},outcome,"W"))} -> 12 | AA25: {=SUM(COUNTIFS(managers,'SFFL Main Page'!Y25,opponent,{"Charles","Arnold"},outcome,"L"))} -> 10 | AB25: {=SUM(COUNTIFS(managers,'SFFL Main Page'!Y25,opponent,{"Charles","Arnold"},outcome,"T"))} -> 0 | AC25: =IFERROR((Z25)/SUM(Z25:AB25),"") -> 0.54545455 | AE25: BR | AF25: {=SUM(COUNTIFS(managers,'SFFL Main Page'!AE25,opponent,{"David","Russell","Watty"},outcome,"W",season,'SFFL Main Page'!AF22))} -> 0 | AG25: {=SUM(COUNTIFS(managers,'SFFL Main Page'!AE25,opponent,{"David","Russell","Watty"},outcome,"L",season,'SFFL Main Page'!AF22))} -> 3 | AH25: =IFERROR((AF25)/SUM(AF25:AG25),"") -> 0
B26: =COUNTIFS('Regular Season Data'!M:M,'SFFL Main Page'!B23,outcome,"W",'Regular Season Data'!N:N,"Y") -> 287 | C26: =COUNTIFS(outcome,"T",'Regular Season Data'!N:N,"Y") -> 10 | D26: =COUNTIFS('Regular Season Data'!M:M,'SFFL Main Page'!D23,outcome,"W",'Regular Season Data'!N:N,"Y") -> 253 | F26: 3 | G26: =VLOOKUP(F26,'Regular Season Data'!$B:$M,3,FALSE) -> David | H26: =VLOOKUP(F26,'Regular Season Data'!$B:$M,4,FALSE) -> Michael | I26: =VLOOKUP(F26,'Regular Season Data'!$B:$M,8,FALSE) -> 153 | J26: =VLOOKUP(F26,'Regular Season Data'!$B:$M,9,FALSE) -> 90 | K26: =VLOOKUP(F26,'Regular Season Data'!$B:$M,5,FALSE) -> 2019 | L26: =VLOOKUP(F26,'Regular Season Data'!$B:$M,6,FALSE) -> 5 | N26: Russell | O26: {=SUM(COUNTIFS(managers,'SFFL Main Page'!N26,opponent,{"BR","David","Watty"},outcome,"W"))} -> 34 | P26: {=SUM(COUNTIFS(managers,'SFFL Main Page'!N26,opponent,{"BR","David","Watty"},outcome,"L"))} -> 17 | Q26: =IFERROR((O26)/SUM(O26:P26),"") -> 0.66666667 | Y26: David | Z26: {=SUM(COUNTIFS(managers,'SFFL Main Page'!Y26,opponent,{"Brian"},outcome,"W"))} -> 6 | AA26: {=SUM(COUNTIFS(managers,'SFFL Main Page'!Y26,opponent,{"Brian"},outcome,"L"))} -> 18 | AB26: {=SUM(COUNTIFS(managers,'SFFL Main Page'!Y26,opponent,{"Brian"},outcome,"T"))} -> 0 | AC26: =IFERROR((Z26)/SUM(Z26:AB26),"") -> 0.25 | AE26: David | AF26: {=SUM(COUNTIFS(managers,'SFFL Main Page'!AE26,opponent,{"BR","Russell","Watty"},outcome,"W",season,'SFFL Main Page'!AF22))} -> 2 | AG26: {=SUM(COUNTIFS(managers,'SFFL Main Page'!AE26,opponent,{"BR","Russell","Watty"},outcome,"L",season,'SFFL Main Page'!AF22))} -> 2 | AH26: =IFERROR((AF26)/SUM(AF26:AG26),"") -> 0.5
B27: Playoffs | F27: 4 | G27: =VLOOKUP(F27,'Regular Season Data'!$B:$M,3,FALSE) -> Russell | H27: =VLOOKUP(F27,'Regular Season Data'!$B:$M,4,FALSE) -> Brian | I27: =VLOOKUP(F27,'Regular Season Data'!$B:$M,8,FALSE) -> 142 | J27: =VLOOKUP(F27,'Regular Season Data'!$B:$M,9,FALSE) -> 88 | K27: =VLOOKUP(F27,'Regular Season Data'!$B:$M,5,FALSE) -> 2023 | L27: =VLOOKUP(F27,'Regular Season Data'!$B:$M,6,FALSE) -> 4 | N27: Watty | O27: {=SUM(COUNTIFS(managers,'SFFL Main Page'!N27,opponent,{"David","Russell","BR"},outcome,"W"))} -> 20 | P27: {=SUM(COUNTIFS(managers,'SFFL Main Page'!N27,opponent,{"David","Russell","BR"},outcome,"L"))} -> 31 | Q27: =IFERROR((O27)/SUM(O27:P27),"") -> 0.39215686 | Y27: Russell | Z27: {=SUM(COUNTIFS(managers,'SFFL Main Page'!Y27,opponent,{"Emily","Matt"},outcome,"W"))} -> 10 | AA27: {=SUM(COUNTIFS(managers,'SFFL Main Page'!Y27,opponent,{"Emily","Matt"},outcome,"L"))} -> 24 | AB27: {=SUM(COUNTIFS(managers,'SFFL Main Page'!Y27,opponent,{"Emily","Matt"},outcome,"T"))} -> 1 | AC27: =IFERROR((Z27)/SUM(Z27:AB27),"") -> 0.28571429 | AE27: Russell | AF27: {=SUM(COUNTIFS(managers,'SFFL Main Page'!AE27,opponent,{"BR","David","Watty"},outcome,"W",season,'SFFL Main Page'!AF22))} -> 3 | AG27: {=SUM(COUNTIFS(managers,'SFFL Main Page'!AE27,opponent,{"BR","David","Watty"},outcome,"L",season,'SFFL Main Page'!AF22))} -> 1 | AH27: =IFERROR((AF27)/SUM(AF27:AG27),"") -> 0.75
B28: Wins | C28: T | D28: Wins | F28: 5 | G28: =VLOOKUP(F28,'Regular Season Data'!$B:$M,3,FALSE) -> Charles | H28: =VLOOKUP(F28,'Regular Season Data'!$B:$M,4,FALSE) -> Brian | I28: =VLOOKUP(F28,'Regular Season Data'!$B:$M,8,FALSE) -> 141 | J28: =VLOOKUP(F28,'Regular Season Data'!$B:$M,9,FALSE) -> 87 | K28: =VLOOKUP(F28,'Regular Season Data'!$B:$M,5,FALSE) -> 2016 | L28: =VLOOKUP(F28,'Regular Season Data'!$B:$M,6,FALSE) -> 1 | N28: Brother | O28: Win | P28: Loss | Q28: Pct | Y28: Watty | Z28: {=SUM(COUNTIFS(managers,'SFFL Main Page'!Y28,opponent,{"Abby","Mark","Michael"},outcome,"W"))} -> 23 | AA28: {=SUM(COUNTIFS(managers,'SFFL Main Page'!Y28,opponent,{"Abby","Mark","Michael"},outcome,"L"))} -> 27 | AB28: {=SUM(COUNTIFS(managers,'SFFL Main Page'!Y28,opponent,{"Abby","Mark","Michael"},outcome,"T"))} -> 0 | AC28: =IFERROR((Z28)/SUM(Z28:AB28),"") -> 0.46 | AE28: Watty | AF28: {=SUM(COUNTIFS(managers,'SFFL Main Page'!AE28,opponent,{"David","Russell","BR"},outcome,"W",season,'SFFL Main Page'!AF22))} -> 2 | AG28: {=SUM(COUNTIFS(managers,'SFFL Main Page'!AE28,opponent,{"David","Russell","BR"},outcome,"L",season,'SFFL Main Page'!AF22))} -> 1 | AH28: =IFERROR((AF28)/SUM(AF28:AG28),"") -> 0.66666667
B29: =COUNTIFS('Playoff Data'!H:H,"W",'Playoff Data'!J:J,"Y",'Playoff Data'!I:I,"TEXAROK") -> 12 | C29: 0 | D29: =COUNTIFS('Playoff Data'!H:H,"W",'Playoff Data'!J:J,"Y",'Playoff Data'!I:I,"AKCOVA") -> 16 | N29: BR | O29: {=SUM(COUNTIFS(managers,'SFFL Main Page'!N29,opponent,{"David","Russell","Watty"},outcome,"W"))} -> 19 | P29: {=SUM(COUNTIFS(managers,'SFFL Main Page'!N29,opponent,{"David","Russell","Watty"},outcome,"L"))} -> 27 | Q29: =IFERROR((O29)/SUM(O29:P29),"") -> 0.41304348 | Y29: Brother | Z29: Win | AA29: Loss | AB29: Tie | AC29: Pct
B30: Championships | F30: Woodsheds | N30: vs David | O30: =COUNTIFS(managers,$N$29,opponent,S32,outcome,"W") -> 6 | P30: =COUNTIFS(managers,$N$29,opponent,S32,outcome,"L") -> 7 | Q30: =IFERROR((O30)/SUM(O30:P30),"") -> 0.46153846 | Y30: BR | Z30: {=SUM(COUNTIFS(managers,'SFFL Main Page'!Y30,opponent,{"Charles","Arnold"},outcome,"W"))} -> 12 | AA30: {=SUM(COUNTIFS(managers,'SFFL Main Page'!Y30,opponent,{"Charles","Arnold"},outcome,"L"))} -> 10 | AB30: {=SUM(COUNTIFS(managers,'SFFL Main Page'!Y30,opponent,{"David","Russell","Watty"},outcome,"T"))} -> 0 | AC30: =IFERROR((Z30)/SUM(Z30:AB30),"") -> 0.54545455
B31: =SUMIFS(S5:S19,M5:M19,B23) -> 4 | D31: =SUMIFS(S5:S19,M5:M19,D23) -> 9 | F31: Owner | G31: For | H31: Against | I31: Delta | N31: vs Russell | O31: =COUNTIFS(managers,$N$29,opponent,S33,outcome,"W") -> 4 | P31: =COUNTIFS(managers,$N$29,opponent,S33,outcome,"L") -> 11 | Q31: =IFERROR((O31)/SUM(O31:P31),"") -> 0.26666667 | Y31: vs Charles | Z31: =COUNTIFS(managers,Y30,opponent,X32,outcome,"W") -> 8 | AA31: =COUNTIFS(managers,Y30,opponent,X32,outcome,"L") -> 9 | AB31: =COUNTIFS(managers,Y30,opponent,X32,outcome,"T") -> 0 | AC31: =IFERROR((Z31)/SUM(Z31:AB31),"") -> 0.47058824 | AD31: David
F32: Abby | G32: =COUNTIFS(managers,'SFFL Main Page'!F32,diff,">=50") -> 6 | H32: =COUNTIFS(managers,'SFFL Main Page'!F32,diff,"<=-50") -> 9 | I32: =G32-H32 -> -3 | N32: vs Watty | O32: =COUNTIFS(managers,$N$29,opponent,S34,outcome,"W") -> 9 | P32: =COUNTIFS(managers,$N$29,opponent,S34,outcome,"L") -> 9 | Q32: =IFERROR((O32)/SUM(O32:P32),"") -> 0.5 | S32: David | X32: Charles | Y32: vs Arnold | Z32: =COUNTIFS(managers,Y30,opponent,X33,outcome,"W") -> 4 | AA32: =COUNTIFS(managers,Y30,opponent,X33,outcome,"L") -> 1 | AB32: =COUNTIFS(managers,Y30,opponent,X33,outcome,"T") -> 0 | AC32: =IFERROR((Z32)/SUM(Z32:AB32),"") -> 0.8 | AD32: Russell
B33: Owner | C33: vs TEXAROK | D33: vs AKCOVA | F33: Arnold | G33: =COUNTIFS(managers,'SFFL Main Page'!F33,diff,">=50") -> 2 | H33: =COUNTIFS(managers,'SFFL Main Page'!F33,diff,"<=-50") -> 6 | I33: =G33-H33 -> -4 | N33: David | O33: {=SUM(COUNTIFS(managers,'SFFL Main Page'!N33,opponent,{"BR","Russell","Watty"},outcome,"W"))} -> 25 | P33: {=SUM(COUNTIFS(managers,'SFFL Main Page'!N33,opponent,{"BR","Russell","Watty"},outcome,"L"))} -> 23 | Q33: =IFERROR((O33)/SUM(O33:P33),"") -> 0.52083333 | S33: Russell | X33: Arnold | Y33: David | Z33: {=SUM(COUNTIFS(managers,'SFFL Main Page'!Y33,opponent,{"Brian"},outcome,"W"))} -> 6 | AA33: {=SUM(COUNTIFS(managers,'SFFL Main Page'!Y33,opponent,{"Brian"},outcome,"L"))} -> 18 | AB33: {=SUM(COUNTIFS(managers,'SFFL Main Page'!Y33,opponent,{"Brian"},outcome,"T"))} -> 0 | AC33: =IFERROR((Z33)/SUM(Z33:AB33),"") -> 0.25 | AD33: Watty
B34: Abby | C34: =COUNTIFS(managers,B34,outcome,"W",'Regular Season Data'!$N:$N,"Y")&"-"&COUNTIFS(managers,B34,outcome,"L",'Regular Season Data'!$N:$N,"Y")&"-"&COUNTIFS(managers,B34,outcome,"T",'Regular Season Data'!$N:$N,"Y") -> 28-30-0 | D34: =COUNTIFS(managers,B34,outcome,"W",'Regular Season Data'!$N:$N,"N")&"-"&COUNTIFS(managers,B34,outcome,"L",'Regular Season Data'!$N:$N,"N")&"-"&COUNTIFS(managers,B34,outcome,"T",'Regular Season Data'!$N:$N,"N") -> 19-27-0 | F34: BR | G34: =COUNTIFS(managers,'SFFL Main Page'!F34,diff,">=50") -> 7 | H34: =COUNTIFS(managers,'SFFL Main Page'!F34,diff,"<=-50") -> 8 | I34: =G34-H34 -> -1 | N34: vs BR | O34: =COUNTIFS(managers,$N$33,opponent,S36,outcome,"W") -> 7 | P34: =COUNTIFS(managers,$N$33,opponent,S36,outcome,"L") -> 6 | Q34: =IFERROR((O34)/SUM(O34:P34),"") -> 0.53846154 | S34: Watty | X34: David | Y34: vs Brian | Z34: =COUNTIFS(managers,Y33,opponent,X35,outcome,"W") -> 6 | AA34: =COUNTIFS(managers,Y33,opponent,X35,outcome,"L") -> 18 | AB34: =COUNTIFS(managers,Y33,opponent,X35,outcome,"T") -> 0 | AC34: =IFERROR((Z34)/SUM(Z34:AB34),"") -> 0.25
B35: Arnold | C35: =COUNTIFS(managers,B35,outcome,"W",'Regular Season Data'!$N:$N,"Y")&"-"&COUNTIFS(managers,B35,outcome,"L",'Regular Season Data'!$N:$N,"Y")&"-"&COUNTIFS(managers,B35,outcome,"T",'Regular Season Data'!$N:$N,"Y") -> 18-17-0 | D35: =COUNTIFS(managers,B35,outcome,"W",'Regular Season Data'!$N:$N,"N")&"-"&COUNTIFS(managers,B35,outcome,"L",'Regular Season Data'!$N:$N,"N")&"-"&COUNTIFS(managers,B35,outcome,"T",'Regular Season Data'!$N:$N,"N") -> 11-24-0 | F35: Brent | G35: =COUNTIFS(managers,'SFFL Main Page'!F35,diff,">=50") -> 8 | H35: =COUNTIFS(managers,'SFFL Main Page'!F35,diff,"<=-50") -> 3 | I35: =G35-H35 -> 5 | N35: vs Russell | O35: =COUNTIFS(managers,$N$33,opponent,S37,outcome,"W") -> 7 | P35: =COUNTIFS(managers,$N$33,opponent,S37,outcome,"L") -> 12 | Q35: =IFERROR((O35)/SUM(O35:P35),"") -> 0.36842105 | S35: David | X35: Brian | Y35: Russell | Z35: {=SUM(COUNTIFS(managers,'SFFL Main Page'!Y35,opponent,{"Emily","Matt"},outcome,"W"))} -> 10 | AA35: {=SUM(COUNTIFS(managers,'SFFL Main Page'!Y35,opponent,{"Emily","Matt"},outcome,"L"))} -> 24 | AB35: {=SUM(COUNTIFS(managers,'SFFL Main Page'!Y35,opponent,{"Emily","Matt"},outcome,"T"))} -> 1 | AC35: =IFERROR((Z35)/SUM(Z35:AB35),"") -> 0.28571429 | AD35: BR
B36: BR | C36: =COUNTIFS(managers,B36,outcome,"W",'Regular Season Data'!$N:$N,"Y")&"-"&COUNTIFS(managers,B36,outcome,"L",'Regular Season Data'!$N:$N,"Y")&"-"&COUNTIFS(managers,B36,outcome,"T",'Regular Season Data'!$N:$N,"Y") -> 38-51-3 | D36: =COUNTIFS(managers,B36,outcome,"W",'Regular Season Data'!$N:$N,"N")&"-"&COUNTIFS(managers,B36,outcome,"L",'Regular Season Data'!$N:$N,"N")&"-"&COUNTIFS(managers,B36,outcome,"T",'Regular Season Data'!$N:$N,"N") -> 49-33-0 | F36: Brian | G36: =COUNTIFS(managers,'SFFL Main Page'!F36,diff,">=50") -> 12 | H36: =COUNTIFS(managers,'SFFL Main Page'!F36,diff,"<=-50") -> 11 | I36: =G36-H36 -> 1 | N36: vs Watty | O36: =COUNTIFS(managers,$N$33,opponent,S38,outcome,"W") -> 11 | P36: =COUNTIFS(managers,$N$33,opponent,S38,outcome,"L") -> 5 | Q36: =IFERROR((O36)/SUM(O36:P36),"") -> 0.6875 | S36: BR | X36: Russell | Y36: vs Emily | Z36: =COUNTIFS(managers,Y35,opponent,X37,outcome,"W") -> 7 | AA36: =COUNTIFS(managers,Y35,opponent,X37,outcome,"L") -> 14 | AB36: =COUNTIFS(managers,Y35,opponent,X37,outcome,"T") -> 0 | AC36: =IFERROR((Z36)/SUM(Z36:AB36),"") -> 0.33333333 | AD36: Russell
B37: Brent | C37: =COUNTIFS(managers,B37,outcome,"W",'Regular Season Data'!$N:$N,"Y")&"-"&COUNTIFS(managers,B37,outcome,"L",'Regular Season Data'!$N:$N,"Y")&"-"&COUNTIFS(managers,B37,outcome,"T",'Regular Season Data'!$N:$N,"Y") -> 54-25-1 | D37: =COUNTIFS(managers,B37,outcome,"W",'Regular Season Data'!$N:$N,"N")&"-"&COUNTIFS(managers,B37,outcome,"L",'Regular Season Data'!$N:$N,"N")&"-"&COUNTIFS(managers,B37,outcome,"T",'Regular Season Data'!$N:$N,"N") -> 41-27-0 | F37: Charles | G37: =COUNTIFS(managers,'SFFL Main Page'!F37,diff,">=50") -> 11 | H37: =COUNTIFS(managers,'SFFL Main Page'!F37,diff,"<=-50") -> 3 | I37: =G37-H37 -> 8 | N37: Russell | O37: {=SUM(COUNTIFS(managers,'SFFL Main Page'!N37,opponent,{"BR","David","Watty"},outcome,"W"))} -> 34 | P37: {=SUM(COUNTIFS(managers,'SFFL Main Page'!N37,opponent,{"BR","David","Watty"},outcome,"L"))} -> 17 | Q37: =IFERROR((O37)/SUM(O37:P37),"") -> 0.66666667 | S37: Russell | X37: Emily | Y37: vs Matt | Z37: =COUNTIFS(managers,Y35,opponent,X38,outcome,"W") -> 3 | AA37: =COUNTIFS(managers,Y35,opponent,X38,outcome,"L") -> 10 | AB37: =COUNTIFS(managers,Y35,opponent,X38,outcome,"T") -> 1 | AC37: =IFERROR((Z37)/SUM(Z37:AB37),"") -> 0.21428571 | AD37: Watty
B38: Brian | C38: =COUNTIFS(managers,B38,outcome,"W",'Regular Season Data'!$N:$N,"Y")&"-"&COUNTIFS(managers,B38,outcome,"L",'Regular Season Data'!$N:$N,"Y")&"-"&COUNTIFS(managers,B38,outcome,"T",'Regular Season Data'!$N:$N,"Y") -> 42-44-1 | D38: =COUNTIFS(managers,B38,outcome,"W",'Regular Season Data'!$N:$N,"N")&"-"&COUNTIFS(managers,B38,outcome,"L",'Regular Season Data'!$N:$N,"N")&"-"&COUNTIFS(managers,B38,outcome,"T",'Regular Season Data'!$N:$N,"N") -> 54-33-0 | F38: David | G38: =COUNTIFS(managers,'SFFL Main Page'!F38,diff,">=50") -> 7 | H38: =COUNTIFS(managers,'SFFL Main Page'!F38,diff,"<=-50") -> 9 | I38: =G38-H38 -> -2 | N38: vs BR | O38: =COUNTIFS(managers,$N$37,opponent,S40,outcome,"W") -> 11 | P38: =COUNTIFS(managers,$N$37,opponent,S40,outcome,"L") -> 4 | Q38: =IFERROR((O38)/SUM(O38:P38),"") -> 0.73333333 | S38: Watty | X38: Matt | Y38: Watty | Z38: {=SUM(COUNTIFS(managers,'SFFL Main Page'!Y38,opponent,{"David","Russell","BR"},outcome,"W"))} -> 20 | AA38: {=SUM(COUNTIFS(managers,'SFFL Main Page'!Y38,opponent,{"David","Russell","BR"},outcome,"L"))} -> 31 | AB38: {=SUM(COUNTIFS(managers,'SFFL Main Page'!Y38,opponent,{"David","Russell","Watty"},outcome,"T"))} -> 0 | AC38: =IFERROR((Z38)/SUM(Z38:AB38),"") -> 0.39215686
B39: Charles | C39: =COUNTIFS(managers,B39,outcome,"W",'Regular Season Data'!$N:$N,"Y")&"-"&COUNTIFS(managers,B39,outcome,"L",'Regular Season Data'!$N:$N,"Y")&"-"&COUNTIFS(managers,B39,outcome,"T",'Regular Season Data'!$N:$N,"Y") -> 38-40-0 | D39: =COUNTIFS(managers,B39,outcome,"W",'Regular Season Data'!$N:$N,"N")&"-"&COUNTIFS(managers,B39,outcome,"L",'Regular Season Data'!$N:$N,"N")&"-"&COUNTIFS(managers,B39,outcome,"T",'Regular Season Data'!$N:$N,"N") -> 44-26-0 | F39: Emily | G39: =COUNTIFS(managers,'SFFL Main Page'!F39,diff,">=50") -> 6 | H39: =COUNTIFS(managers,'SFFL Main Page'!F39,diff,"<=-50") -> 13 | I39: =G39-H39 -> -7 | N39: vs David | O39: =COUNTIFS(managers,$N$37,opponent,S41,outcome,"W") -> 12 | P39: =COUNTIFS(managers,$N$37,opponent,S41,outcome,"L") -> 7 | Q39: =IFERROR((O39)/SUM(O39:P39),"") -> 0.63157895 | S39: Russell | X39: Watty | Y39: vs Abby | Z39: =COUNTIFS(managers,Y38,opponent,X40,outcome,"W") -> 7 | AA39: =COUNTIFS(managers,Y38,opponent,X40,outcome,"L") -> 4 | AB39: =COUNTIFS(managers,Y38,opponent,X40,outcome,"T") -> 0 | AC39: =IFERROR((Z39)/SUM(Z39:AB39),"") -> 0.63636364 | AD39: BR
B40: David | C40: =COUNTIFS(managers,B40,outcome,"W",'Regular Season Data'!$N:$N,"Y")&"-"&COUNTIFS(managers,B40,outcome,"L",'Regular Season Data'!$N:$N,"Y")&"-"&COUNTIFS(managers,B40,outcome,"T",'Regular Season Data'!$N:$N,"Y") -> 44-41-1 | D40: =COUNTIFS(managers,B40,outcome,"W",'Regular Season Data'!$N:$N,"N")&"-"&COUNTIFS(managers,B40,outcome,"L",'Regular Season Data'!$N:$N,"N")&"-"&COUNTIFS(managers,B40,outcome,"T",'Regular Season Data'!$N:$N,"N") -> 41-47-0 | F40: Grayson | G40: =COUNTIFS(managers,'SFFL Main Page'!F40,diff,">=50") -> 3 | H40: =COUNTIFS(managers,'SFFL Main Page'!F40,diff,"<=-50") -> 2 | I40: =G40-H40 -> 1 | N40: vs Watty | O40: =COUNTIFS(managers,$N$37,opponent,S42,outcome,"W") -> 11 | P40: =COUNTIFS(managers,$N$37,opponent,S42,outcome,"L") -> 6 | Q40: =IFERROR((O40)/SUM(O40:P40),"") -> 0.64705882 | S40: BR | X40: Abby | Y40: vs Mark | Z40: =COUNTIFS(managers,Y38,opponent,X41,outcome,"W") -> 6 | AA40: =COUNTIFS(managers,Y38,opponent,X41,outcome,"L") -> 10 | AB40: =COUNTIFS(managers,Y38,opponent,X41,outcome,"T") -> 0 | AC40: =IFERROR((Z40)/SUM(Z40:AB40),"") -> 0.375 | AD40: David
B41: Emily | C41: =COUNTIFS(managers,B41,outcome,"W",'Regular Season Data'!$N:$N,"Y")&"-"&COUNTIFS(managers,B41,outcome,"L",'Regular Season Data'!$N:$N,"Y")&"-"&COUNTIFS(managers,B41,outcome,"T",'Regular Season Data'!$N:$N,"Y") -> 42-49-1 | D41: =COUNTIFS(managers,B41,outcome,"W",'Regular Season Data'!$N:$N,"N")&"-"&COUNTIFS(managers,B41,outcome,"L",'Regular Season Data'!$N:$N,"N")&"-"&COUNTIFS(managers,B41,outcome,"T",'Regular Season Data'!$N:$N,"N") -> 39-43-0 | F41: Jordan | G41: =COUNTIFS(managers,'SFFL Main Page'!F41,diff,">=50") -> 0 | H41: =COUNTIFS(managers,'SFFL Main Page'!F41,diff,"<=-50") -> 1 | I41: =G41-H41 -> -1 | N41: Watty | O41: {=SUM(COUNTIFS(managers,'SFFL Main Page'!N41,opponent,{"David","Russell","BR"},outcome,"W"))} -> 20 | P41: {=SUM(COUNTIFS(managers,'SFFL Main Page'!N41,opponent,{"David","Russell","BR"},outcome,"L"))} -> 31 | Q41: =IFERROR((O41)/SUM(O41:P41),"") -> 0.39215686 | S41: David | X41: Mark | Y41: vs Michael | Z41: =COUNTIFS(managers,Y38,opponent,X42,outcome,"W") -> 10 | AA41: =COUNTIFS(managers,Y38,opponent,X42,outcome,"L") -> 13 | AB41: =COUNTIFS(managers,Y38,opponent,X42,outcome,"T") -> 0 | AC41: =IFERROR((Z41)/SUM(Z41:AB41),"") -> 0.43478261 | AD41: Watty
B42: Grayson | C42: =COUNTIFS(managers,B42,outcome,"W",'Regular Season Data'!$N:$N,"Y")&"-"&COUNTIFS(managers,B42,outcome,"L",'Regular Season Data'!$N:$N,"Y")&"-"&COUNTIFS(managers,B42,outcome,"T",'Regular Season Data'!$N:$N,"Y") -> 6-10-0 | D42: =COUNTIFS(managers,B42,outcome,"W",'Regular Season Data'!$N:$N,"N")&"-"&COUNTIFS(managers,B42,outcome,"L",'Regular Season Data'!$N:$N,"N")&"-"&COUNTIFS(managers,B42,outcome,"T",'Regular Season Data'!$N:$N,"N") -> 3-9-0 | F42: Mark | G42: =COUNTIFS(managers,'SFFL Main Page'!F42,diff,">=50") -> 11 | H42: =COUNTIFS(managers,'SFFL Main Page'!F42,diff,"<=-50") -> 16 | I42: =G42-H42 -> -5 | N42: vs BR | O42: =COUNTIFS(managers,$N$41,opponent,S44,outcome,"W") -> 9 | P42: =COUNTIFS(managers,$N$41,opponent,S44,outcome,"L") -> 9 | Q42: =IFERROR((O42)/SUM(O42:P42),"") -> 0.5 | S42: Watty | X42: Michael
B43: Jordan | C43: =COUNTIFS(managers,B43,outcome,"W",'Regular Season Data'!$N:$N,"Y")&"-"&COUNTIFS(managers,B43,outcome,"L",'Regular Season Data'!$N:$N,"Y")&"-"&COUNTIFS(managers,B43,outcome,"T",'Regular Season Data'!$N:$N,"Y") -> 6-8-0 | D43: =COUNTIFS(managers,B43,outcome,"W",'Regular Season Data'!$N:$N,"N")&"-"&COUNTIFS(managers,B43,outcome,"L",'Regular Season Data'!$N:$N,"N")&"-"&COUNTIFS(managers,B43,outcome,"T",'Regular Season Data'!$N:$N,"N") -> 5-9-0 | F43: Matt | G43: =COUNTIFS(managers,'SFFL Main Page'!F43,diff,">=50") -> 9 | H43: =COUNTIFS(managers,'SFFL Main Page'!F43,diff,"<=-50") -> 8 | I43: =G43-H43 -> 1 | N43: vs David | O43: =COUNTIFS(managers,$N$41,opponent,S45,outcome,"W") -> 5 | P43: =COUNTIFS(managers,$N$41,opponent,S45,outcome,"L") -> 11 | Q43: =IFERROR((O43)/SUM(O43:P43),"") -> 0.3125 | S43: Watty | AD43: BR
B44: Mark | C44: =COUNTIFS(managers,B44,outcome,"W",'Regular Season Data'!$N:$N,"Y")&"-"&COUNTIFS(managers,B44,outcome,"L",'Regular Season Data'!$N:$N,"Y")&"-"&COUNTIFS(managers,B44,outcome,"T",'Regular Season Data'!$N:$N,"Y") -> 41-54-1 | D44: =COUNTIFS(managers,B44,outcome,"W",'Regular Season Data'!$N:$N,"N")&"-"&COUNTIFS(managers,B44,outcome,"L",'Regular Season Data'!$N:$N,"N")&"-"&COUNTIFS(managers,B44,outcome,"T",'Regular Season Data'!$N:$N,"N") -> 30-48-0 | F44: Michael | G44: =COUNTIFS(managers,'SFFL Main Page'!F44,diff,">=50") -> 9 | H44: =COUNTIFS(managers,'SFFL Main Page'!F44,diff,"<=-50") -> 11 | I44: =G44-H44 -> -2 | N44: vs Russell | O44: =COUNTIFS(managers,$N$41,opponent,S46,outcome,"W") -> 6 | P44: =COUNTIFS(managers,$N$41,opponent,S46,outcome,"L") -> 11 | Q44: =IFERROR((O44)/SUM(O44:P44),"") -> 0.35294118 | S44: BR | AD44: David
B45: Matt | C45: =COUNTIFS(managers,B45,outcome,"W",'Regular Season Data'!$N:$N,"Y")&"-"&COUNTIFS(managers,B45,outcome,"L",'Regular Season Data'!$N:$N,"Y")&"-"&COUNTIFS(managers,B45,outcome,"T",'Regular Season Data'!$N:$N,"Y") -> 46-45-0 | D45: =COUNTIFS(managers,B45,outcome,"W",'Regular Season Data'!$N:$N,"N")&"-"&COUNTIFS(managers,B45,outcome,"L",'Regular Season Data'!$N:$N,"N")&"-"&COUNTIFS(managers,B45,outcome,"T",'Regular Season Data'!$N:$N,"N") -> 34-48-1 | F45: Russell | G45: =COUNTIFS(managers,'SFFL Main Page'!F45,diff,">=50") -> 13 | H45: =COUNTIFS(managers,'SFFL Main Page'!F45,diff,"<=-50") -> 5 | I45: =G45-H45 -> 8 | S45: David | AD45: Russell
B46: Michael | C46: =COUNTIFS(managers,B46,outcome,"W",'Regular Season Data'!$N:$N,"Y")&"-"&COUNTIFS(managers,B46,outcome,"L",'Regular Season Data'!$N:$N,"Y")&"-"&COUNTIFS(managers,B46,outcome,"T",'Regular Season Data'!$N:$N,"Y") -> 44-41-1 | D46: =COUNTIFS(managers,B46,outcome,"W",'Regular Season Data'!$N:$N,"N")&"-"&COUNTIFS(managers,B46,outcome,"L",'Regular Season Data'!$N:$N,"N")&"-"&COUNTIFS(managers,B46,outcome,"T",'Regular Season Data'!$N:$N,"N") -> 50-38-0 | F46: Watty | G46: =COUNTIFS(managers,'SFFL Main Page'!F46,diff,">=50") -> 11 | H46: =COUNTIFS(managers,'SFFL Main Page'!F46,diff,"<=-50") -> 10 | I46: =G46-H46 -> 1 | S46: Russell
B47: Russell | C47: =COUNTIFS(managers,B47,outcome,"W",'Regular Season Data'!$N:$N,"Y")&"-"&COUNTIFS(managers,B47,outcome,"L",'Regular Season Data'!$N:$N,"Y")&"-"&COUNTIFS(managers,B47,outcome,"T",'Regular Season Data'!$N:$N,"Y") -> 53-39-1 | D47: =COUNTIFS(managers,B47,outcome,"W",'Regular Season Data'!$N:$N,"N")&"-"&COUNTIFS(managers,B47,outcome,"L",'Regular Season Data'!$N:$N,"N")&"-"&COUNTIFS(managers,B47,outcome,"T",'Regular Season Data'!$N:$N,"N") -> 37-43-1
B48: Watty | C48: =COUNTIFS(managers,B48,outcome,"W",'Regular Season Data'!$N:$N,"Y")&"-"&COUNTIFS(managers,B48,outcome,"L",'Regular Season Data'!$N:$N,"Y")&"-"&COUNTIFS(managers,B48,outcome,"T",'Regular Season Data'!$N:$N,"Y") -> 40-46-0 | D48: =COUNTIFS(managers,B48,outcome,"W",'Regular Season Data'!$N:$N,"N")&"-"&COUNTIFS(managers,B48,outcome,"L",'Regular Season Data'!$N:$N,"N")&"-"&COUNTIFS(managers,B48,outcome,"T",'Regular Season Data'!$N:$N,"N") -> 43-45-0
B50: Best Seasons of All Time | I50: Points Scored in Playoffs
B51: Rank | C51: Owner | D51: Season | E51: Pts Scored | F51: Pts/Game | G51: Champ? | I51: Owner | J51: Pts | K51: Rank | L51: Games | M51: Pts/Game
B52: 1 | C52: =VLOOKUP(B52,'Final Tables'!A:S,4,FALSE) -> #N/A | D52: =VLOOKUP(B52,'Final Tables'!A:S,19,FALSE) -> #N/A | E52: =VLOOKUP(B52,'Final Tables'!A:S,14,FALSE) -> #N/A | F52: =VLOOKUP(B52,'Final Tables'!A:S,16,FALSE) -> #N/A | G52: =IF(VLOOKUP(B52,'Final Tables'!A:S,10,FALSE)=1,"Yes","No") -> #N/A | I52: Abby | J52: =SUMIFS('Playoff Data'!F:F,'Playoff Data'!B:B,'SFFL Main Page'!I52) -> 589.5 | K52: =RANK(J52,$J$52:$J$64) -> 11 | L52: =SUM(O5:P5) -> 7 | M52: =J52/L52 -> 84.214286
B53: 2 | C53: =VLOOKUP(B53,'Final Tables'!A:S,4,FALSE) -> #N/A | D53: =VLOOKUP(B53,'Final Tables'!A:S,19,FALSE) -> #N/A | E53: =VLOOKUP(B53,'Final Tables'!A:S,14,FALSE) -> #N/A | F53: =VLOOKUP(B53,'Final Tables'!A:S,16,FALSE) -> #N/A | G53: =IF(VLOOKUP(B53,'Final Tables'!A:S,10,FALSE)=1,"Yes","No") -> #N/A | I53: Arnold | J53: =SUMIFS('Playoff Data'!F:F,'Playoff Data'!B:B,'SFFL Main Page'!I53) -> 95 | K53: =RANK(J53,$J$52:$J$64) -> 13 | L53: =SUM(O6:P6) -> 1
B54: 3 | C54: =VLOOKUP(B54,'Final Tables'!A:S,4,FALSE) -> Mark | D54: =VLOOKUP(B54,'Final Tables'!A:S,19,FALSE) -> 2024 | E54: =VLOOKUP(B54,'Final Tables'!A:S,14,FALSE) -> 1645 | F54: =VLOOKUP(B54,'Final Tables'!A:S,16,FALSE) -> 117.5 | G54: =IF(VLOOKUP(B54,'Final Tables'!A:S,10,FALSE)=1,"Yes","No") -> No | I54: BR | J54: =SUMIFS('Playoff Data'!F:F,'Playoff Data'!B:B,'SFFL Main Page'!I54) -> 1250 | K54: =RANK(J54,$J$52:$J$64) -> 3 | L54: =SUM(O7:P7) -> 13 | M54: =J54/L54 -> 96.153846
B55: 4 | C55: =VLOOKUP(B55,'Final Tables'!A:S,4,FALSE) -> Charles | D55: =VLOOKUP(B55,'Final Tables'!A:S,19,FALSE) -> 2024 | E55: =VLOOKUP(B55,'Final Tables'!A:S,14,FALSE) -> 1634 | F55: =VLOOKUP(B55,'Final Tables'!A:S,16,FALSE) -> 116.71429 | G55: =IF(VLOOKUP(B55,'Final Tables'!A:S,10,FALSE)=1,"Yes","No") -> Yes | I55: Brent | J55: =SUMIFS('Playoff Data'!F:F,'Playoff Data'!B:B,'SFFL Main Page'!I55) -> 1099 | K55: =RANK(J55,$J$52:$J$64) -> 5 | L55: =SUM(O8:P8) -> 12 | M55: =J55/L55 -> 91.583333
B56: 5 | C56: =VLOOKUP(B56,'Final Tables'!A:S,4,FALSE) -> Arnold | D56: =VLOOKUP(B56,'Final Tables'!A:S,19,FALSE) -> 2024 | E56: =VLOOKUP(B56,'Final Tables'!A:S,14,FALSE) -> 1610 | F56: =VLOOKUP(B56,'Final Tables'!A:S,16,FALSE) -> 115 | G56: =IF(VLOOKUP(B56,'Final Tables'!A:S,10,FALSE)=1,"Yes","No") -> No | I56: Brian | J56: =SUMIFS('Playoff Data'!F:F,'Playoff Data'!B:B,'SFFL Main Page'!I56) -> 721 | K56: =RANK(J56,$J$52:$J$64) -> 10 | L56: =SUM(O9:P9) -> 9 | M56: =J56/L56 -> 80.111111
B57: 6 | C57: =VLOOKUP(B57,'Final Tables'!A:S,4,FALSE) -> David | D57: =VLOOKUP(B57,'Final Tables'!A:S,19,FALSE) -> 2024 | E57: =VLOOKUP(B57,'Final Tables'!A:S,14,FALSE) -> 1600 | F57: =VLOOKUP(B57,'Final Tables'!A:S,16,FALSE) -> 114.28571 | G57: =IF(VLOOKUP(B57,'Final Tables'!A:S,10,FALSE)=1,"Yes","No") -> No | I57: Charles | J57: =SUMIFS('Playoff Data'!F:F,'Playoff Data'!B:B,'SFFL Main Page'!I57) -> 1696 | K57: =RANK(J57,$J$52:$J$64) -> 2 | L57: =SUM(O10:P10) -> 15 | M57: =J57/L57 -> 113.06667
B58: 7 | C58: =VLOOKUP(B58,'Final Tables'!A:S,4,FALSE) -> #N/A | D58: =VLOOKUP(B58,'Final Tables'!A:S,19,FALSE) -> #N/A | E58: =VLOOKUP(B58,'Final Tables'!A:S,14,FALSE) -> #N/A | F58: =VLOOKUP(B58,'Final Tables'!A:S,16,FALSE) -> #N/A | G58: =IF(VLOOKUP(B58,'Final Tables'!A:S,10,FALSE)=1,"Yes","No") -> #N/A | I58: David | J58: =SUMIFS('Playoff Data'!F:F,'Playoff Data'!B:B,'SFFL Main Page'!I58) -> 1130 | K58: =RANK(J58,$J$52:$J$64) -> 4 | L58: =SUM(O11:P11) -> 13 | M58: =J58/L58 -> 86.923077
B59: 8 | C59: =VLOOKUP(B59,'Final Tables'!A:S,4,FALSE) -> #N/A | D59: =VLOOKUP(B59,'Final Tables'!A:S,19,FALSE) -> #N/A | E59: =VLOOKUP(B59,'Final Tables'!A:S,14,FALSE) -> #N/A | F59: =VLOOKUP(B59,'Final Tables'!A:S,16,FALSE) -> #N/A | G59: =IF(VLOOKUP(B59,'Final Tables'!A:S,10,FALSE)=1,"Yes","No") -> #N/A | I59: Emily | J59: =SUMIFS('Playoff Data'!F:F,'Playoff Data'!B:B,'SFFL Main Page'!I59) -> 900 | K59: =RANK(J59,$J$52:$J$64) -> 8 | L59: =SUM(O12:P12) -> 9 | M59: =J59/L59 -> 100
B60: 9 | C60: =VLOOKUP(B60,'Final Tables'!A:S,4,FALSE) -> #N/A | D60: =VLOOKUP(B60,'Final Tables'!A:S,19,FALSE) -> #N/A | E60: =VLOOKUP(B60,'Final Tables'!A:S,14,FALSE) -> #N/A | F60: =VLOOKUP(B60,'Final Tables'!A:S,16,FALSE) -> #N/A | G60: =IF(VLOOKUP(B60,'Final Tables'!A:S,10,FALSE)=1,"Yes","No") -> #N/A | I60: Mark | J60: =SUMIFS('Playoff Data'!F:F,'Playoff Data'!B:B,'SFFL Main Page'!I60) -> 553 | K60: =RANK(J60,$J$52:$J$64) -> 12 | L60: =SUM(O15:P15) -> 6 | M60: =J60/L60 -> 92.166667
A61: BR | B61: 10 | C61: =VLOOKUP(B61,'Final Tables'!A:S,4,FALSE) -> Emily | D61: =VLOOKUP(B61,'Final Tables'!A:S,19,FALSE) -> 2024 | E61: =VLOOKUP(B61,'Final Tables'!A:S,14,FALSE) -> 1562 | F61: =VLOOKUP(B61,'Final Tables'!A:S,16,FALSE) -> 111.57143 | G61: =IF(VLOOKUP(B61,'Final Tables'!A:S,10,FALSE)=1,"Yes","No") -> No | I61: Matt | J61: =SUMIFS('Playoff Data'!F:F,'Playoff Data'!B:B,'SFFL Main Page'!I61) -> 889 | K61: =RANK(J61,$J$52:$J$64) -> 9 | L61: =SUM(O16:P16) -> 10 | M61: =J61/L61 -> 88.9
A62: David | I62: Michael | J62: =SUMIFS('Playoff Data'!F:F,'Playoff Data'!B:B,'SFFL Main Page'!I62) -> 935 | K62: =RANK(J62,$J$52:$J$64) -> 7 | L62: =SUM(O17:P17) -> 11 | M62: =J62/L62 -> 85
A63: Russell | I63: Russell | J63: =SUMIFS('Playoff Data'!F:F,'Playoff Data'!B:B,'SFFL Main Page'!I63) -> 1724 | K63: =RANK(J63,$J$52:$J$64) -> 1 | L63: =SUM(O18:P18) -> 18 | M63: =J63/L63 -> 95.777778
I64: Watty | J64: =SUMIFS('Playoff Data'!F:F,'Playoff Data'!B:B,'SFFL Main Page'!I64) -> 1071.5 | K64: =RANK(J64,$J$52:$J$64) -> 6 | L64: =SUM(O19:P19) -> 11 | M64: =J64/L64 -> 97.409091

Sheet Owner View
B2: Choose Owner | C2: Michael
C4: Regular Season | I4: Playoffs | M4: Overall
B5: Opponent | C5: Win | D5: Loss | E5: Tie | F5: Pct | G5: Pts Diff | H5: Pts For | I5: Win | J5: Loss | K5: Tie | L5: Pct | M5: Win | N5: Loss | O5: Tie | P5: Pct | S5: Matchup ID | T5: Owner | U5: Opponent | V5: Pts/ Wins | W5: W Margin | X5: Wins | Y5: Pts/ Loss | Z5: L Margin | AA5: Losses | AB5: Overall | AC5: Overall Margin | AD5: Pts/ Wins | AE5: W Margin | AF5: Wins | AG5: Pts/ Loss | AH5: L Margin | AI5: Losses | AJ5: Overall | AK5: Overall Margin | AL5: Total
A6: {=SUMPRODUCT((P6<=$P$6:$P$20)/COUNTIF($P$6:$P$20,$P$6:$P$20))} -> 5 | B6: Abby | C6: =COUNTIFS(managers,$C$2,opponent,B6,outcome,"W") -> 7 | D6: =COUNTIFS(managers,$C$2,opponent,B6,outcome,"L") -> 4 | E6: =COUNTIFS(managers,$C$2,opponent,B6,outcome,"T") -> 0 | F6: =IFERROR((C6+(0.5*E6))/SUM(C6:E6),"") -> 0.63636364 | G6: =SUMIFS(diff,managers,$C$2,opponent,B6) -> 48 | H6: =SUMIFS(points,managers,$C$2,opponent,B6) -> 988 | I6: =COUNTIFS('Playoff Data'!B:B,'Owner View'!$C$2,'Playoff Data'!C:C,'Owner View'!B6,'Playoff Data'!H:H,"W") -> 1 | J6: =COUNTIFS('Playoff Data'!B:B,'Owner View'!$C$2,'Playoff Data'!C:C,'Owner View'!B6,'Playoff Data'!H:H,"L") -> 1 | K6: =COUNTIFS('Playoff Data'!B:B,'Owner View'!$C$2,'Playoff Data'!C:C,'Owner View'!B6,'Playoff Data'!H:H,"T") -> 0 | L6: =IFERROR((I6+(0.5*K6))/SUM(I6:K6),"") -> 0.5 | M6: =C6+I6 -> 8 | N6: =D6+J6 -> 5 | O6: =E6+K6 -> 0 | P6: =IFERROR((M6+(0.5*O6))/SUM(M6:O6),"") -> 0.61538462 | S6: 1 | T6: Abby | U6: Arnold | V6: =IFERROR(AVERAGEIFS(points,managers,'Owner View'!T6,opponent,'Owner View'!U6,outcome,"W"),"") | W6: =IFERROR(V6-VLOOKUP(T6,'SFFL Main Page'!$B$4:$L$20,9,FALSE),"") | X6: =IFERROR(COUNTIFS(managers,'Owner View'!T6,opponent,'Owner View'!U6,outcome,"W"),"") -> 0 | Y6: =IFERROR(AVERAGEIFS(points,managers,'Owner View'!T6,opponent,'Owner View'!U6,outcome,"L"),"") | Z6: =IFERROR(Y6-VLOOKUP(T6,'SFFL Main Page'!$B$4:$L$20,10,FALSE),"") | AA6: =IFERROR(COUNTIFS(managers,'Owner View'!T6,opponent,'Owner View'!U6,outcome,"L"),"") -> 0 | AB6: =IFERROR(((V6*X6)+(Y6*AA6))/SUM(X6,AA6),"") | AC6: =IFERROR(AB6-VLOOKUP(T6,'SFFL Main Page'!$B$4:$L$20,8,FALSE),"") | AD6: =IFERROR(AVERAGEIFS(points,managers,'Owner View'!U6,opponent,'Owner View'!T6,outcome,"W"),"") | AE6: =IFERROR(AD6-VLOOKUP(U6,'SFFL Main Page'!$B$4:$L$20,9,FALSE),"") | AF6: =IFERROR(COUNTIFS(managers,'Owner View'!U6,opponent,'Owner View'!T6,outcome,"W"),"") -> 0 | AG6: =IFERROR(AVERAGEIFS(points,managers,'Owner View'!U6,opponent,'Owner View'!T6,outcome,"L"),"") | AH6: =IFERROR(AG6-VLOOKUP(U6,'SFFL Main Page'!$B$4:$L$20,10,FALSE),"") | AI6: =IFERROR(COUNTIFS(managers,'Owner View'!U6,opponent,'Owner View'!T6,outcome,"L"),"") -> 0 | AJ6: =IFERROR(((AD6*AF6)+(AG6*AI6))/SUM(AF6,AI6),"") | AK6: =IFERROR(AJ6-VLOOKUP(U6,'SFFL Main Page'!$B$4:$L$20,8,FALSE),"") | AL6: =IFERROR(AC6-AK6,"")
A7: {=SUMPRODUCT((P7<=$P$6:$P$20)/COUNTIF($P$6:$P$20,$P$6:$P$20))} -> 2 | B7: Arnold | C7: =COUNTIFS(managers,$C$2,opponent,B7,outcome,"W") -> 6 | D7: =COUNTIFS(managers,$C$2,opponent,B7,outcome,"L") -> 1 | E7: =COUNTIFS(managers,$C$2,opponent,B7,outcome,"T") -> 0 | F7: =IFERROR((C7+(0.5*E7))/SUM(C7:E7),"") -> 0.85714286 | G7: =SUMIFS(diff,managers,$C$2,opponent,B7) -> 149 | H7: =SUMIFS(points,managers,$C$2,opponent,B7) -> 824 | I7: =COUNTIFS('Playoff Data'!B:B,'Owner View'!$C$2,'Playoff Data'!C:C,'Owner View'!B7,'Playoff Data'!H:H,"W") -> 0 | J7: =COUNTIFS('Playoff Data'!B:B,'Owner View'!$C$2,'Playoff Data'!C:C,'Owner View'!B7,'Playoff Data'!H:H,"L") -> 0 | K7: =COUNTIFS('Playoff Data'!B:B,'Owner View'!$C$2,'Playoff Data'!C:C,'Owner View'!B7,'Playoff Data'!H:H,"T") -> 0 | L7: =IFERROR((I7+(0.5*K7))/SUM(I7:K7),"") | M7: =C7+I7 -> 6 | N7: =D7+J7 -> 1 | O7: =E7+K7 -> 0 | P7: =IFERROR((M7+(0.5*O7))/SUM(M7:O7),"") -> 0.85714286 | S7: 2 | T7: Abby | U7: BR | V7: =IFERROR(AVERAGEIFS(points,managers,'Owner View'!T7,opponent,'Owner View'!U7,outcome,"W"),"") -> 111 | W7: =IFERROR(V7-VLOOKUP(T7,'SFFL Main Page'!$B$4:$L$20,9,FALSE),"") -> 15.510638 | X7: =IFERROR(COUNTIFS(managers,'Owner View'!T7,opponent,'Owner View'!U7,outcome,"W"),"") -> 3 | Y7: =IFERROR(AVERAGEIFS(points,managers,'Owner View'!T7,opponent,'Owner View'!U7,outcome,"L"),"") -> 68.666667 | Z7: =IFERROR(Y7-VLOOKUP(T7,'SFFL Main Page'!$B$4:$L$20,10,FALSE),"") -> -1.2982456 | AA7: =IFERROR(COUNTIFS(managers,'Owner View'!T7,opponent,'Owner View'!U7,outcome,"L"),"") -> 6 | AB7: =IFERROR(((V7*X7)+(Y7*AA7))/SUM(X7,AA7),"") -> 82.777778 | AC7: =IFERROR(AB7-VLOOKUP(T7,'SFFL Main Page'!$B$4:$L$20,8,FALSE),"") -> 1.2777778 | AD7: =IFERROR(AVERAGEIFS(points,managers,'Owner View'!U7,opponent,'Owner View'!T7,outcome,"W"),"") -> 93.333333 | AE7: =IFERROR(AD7-VLOOKUP(U7,'SFFL Main Page'!$B$4:$L$20,9,FALSE),"") -> -8.4367816 | AF7: =IFERROR(COUNTIFS(managers,'Owner View'!U7,opponent,'Owner View'!T7,outcome,"W"),"") -> 6 | AG7: =IFERROR(AVERAGEIFS(points,managers,'Owner View'!U7,opponent,'Owner View'!T7,outcome,"L"),"") -> 68.333333 | AH7: =IFERROR(AG7-VLOOKUP(U7,'SFFL Main Page'!$B$4:$L$20,10,FALSE),"") -> -9.6071429 | AI7: =IFERROR(COUNTIFS(managers,'Owner View'!U7,opponent,'Owner View'!T7,outcome,"L"),"") -> 3 | AJ7: =IFERROR(((AD7*AF7)+(AG7*AI7))/SUM(AF7,AI7),"") -> 85 | AK7: =IFERROR(AJ7-VLOOKUP(U7,'SFFL Main Page'!$B$4:$L$20,8,FALSE),"") -> -4.9885057 | AL7: =IFERROR(AC7-AK7,"") -> 6.2662835
A8: {=SUMPRODUCT((P8<=$P$6:$P$20)/COUNTIF($P$6:$P$20,$P$6:$P$20))} -> 11 | B8: BR | C8: =COUNTIFS(managers,$C$2,opponent,B8,outcome,"W") -> 7 | D8: =COUNTIFS(managers,$C$2,opponent,B8,outcome,"L") -> 9 | E8: =COUNTIFS(managers,$C$2,opponent,B8,outcome,"T") -> 0 | F8: =IFERROR((C8+(0.5*E8))/SUM(C8:E8),"") -> 0.4375 | G8: =SUMIFS(diff,managers,$C$2,opponent,B8) -> -99 | H8: =SUMIFS(points,managers,$C$2,opponent,B8) -> 1461 | I8: =COUNTIFS('Playoff Data'!B:B,'Owner View'!$C$2,'Playoff Data'!C:C,'Owner View'!B8,'Playoff Data'!H:H,"W") -> 0 | J8: =COUNTIFS('Playoff Data'!B:B,'Owner View'!$C$2,'Playoff Data'!C:C,'Owner View'!B8,'Playoff Data'!H:H,"L") -> 0 | K8: =COUNTIFS('Playoff Data'!B:B,'Owner View'!$C$2,'Playoff Data'!C:C,'Owner View'!B8,'Playoff Data'!H:H,"T") -> 0 | L8: =IFERROR((I8+(0.5*K8))/SUM(I8:K8),"") | M8: =C8+I8 -> 7 | N8: =D8+J8 -> 9 | O8: =E8+K8 -> 0 | P8: =IFERROR((M8+(0.5*O8))/SUM(M8:O8),"") -> 0.4375 | S8: 3 | T8: Abby | U8: Brent | V8: =IFERROR(AVERAGEIFS(points,managers,'Owner View'!T8,opponent,'Owner View'!U8,outcome,"W"),"") -> 82 | W8: =IFERROR(V8-VLOOKUP(T8,'SFFL Main Page'!$B$4:$L$20,9,FALSE),"") -> -13.489362 | X8: =IFERROR(COUNTIFS(managers,'Owner View'!T8,opponent,'Owner View'!U8,outcome,"W"),"") -> 1 | Y8: =IFERROR(AVERAGEIFS(points,managers,'Owner View'!T8,opponent,'Owner View'!U8,outcome,"L"),"") -> 72.4 | Z8: =IFERROR(Y8-VLOOKUP(T8,'SFFL Main Page'!$B$4:$L$20,10,FALSE),"") -> 2.4350877 | AA8: =IFERROR(COUNTIFS(managers,'Owner View'!T8,opponent,'Owner View'!U8,outcome,"L"),"") -> 5 | AB8: =IFERROR(((V8*X8)+(Y8*AA8))/SUM(X8,AA8),"") -> 74 | AC8: =IFERROR(AB8-VLOOKUP(T8,'SFFL Main Page'!$B$4:$L$20,8,FALSE),"") -> -7.5 | AD8: =IFERROR(AVERAGEIFS(points,managers,'Owner View'!U8,opponent,'Owner View'!T8,outcome,"W"),"") -> 92 | AE8: =IFERROR(AD8-VLOOKUP(U8,'SFFL Main Page'!$B$4:$L$20,9,FALSE),"") -> -13.357895 | AF8: =IFERROR(COUNTIFS(managers,'Owner View'!U8,opponent,'Owner View'!T8,outcome,"W"),"") -> 5 | AG8: =IFERROR(AVERAGEIFS(points,managers,'Owner View'!U8,opponent,'Owner View'!T8,outcome,"L"),"") -> 79 | AH8: =IFERROR(AG8-VLOOKUP(U8,'SFFL Main Page'!$B$4:$L$20,10,FALSE),"") -> -4.5769231 | AI8: =IFERROR(COUNTIFS(managers,'Owner View'!U8,opponent,'Owner View'!T8,outcome,"L"),"") -> 1 | AJ8: =IFERROR(((AD8*AF8)+(AG8*AI8))/SUM(AF8,AI8),"") -> 89.833333 | AK8: =IFERROR(AJ8-VLOOKUP(U8,'SFFL Main Page'!$B$4:$L$20,8,FALSE),"") -> -7.7274775 | AL8: =IFERROR(AC8-AK8,"") -> 0.22747748
A9: {=SUMPRODUCT((P9<=$P$6:$P$20)/COUNTIF($P$6:$P$20,$P$6:$P$20))} -> 13 | B9: Brent | C9: =COUNTIFS(managers,$C$2,opponent,B9,outcome,"W") -> 4 | D9: =COUNTIFS(managers,$C$2,opponent,B9,outcome,"L") -> 7 | E9: =COUNTIFS(managers,$C$2,opponent,B9,outcome,"T") -> 0 | F9: =IFERROR((C9+(0.5*E9))/SUM(C9:E9),"") -> 0.36363636 | G9: =SUMIFS(diff,managers,$C$2,opponent,B9) -> -96 | H9: =SUMIFS(points,managers,$C$2,opponent,B9) -> 1004 | I9: =COUNTIFS('Playoff Data'!B:B,'Owner View'!$C$2,'Playoff Data'!C:C,'Owner View'!B9,'Playoff Data'!H:H,"W") -> 1 | J9: =COUNTIFS('Playoff Data'!B:B,'Owner View'!$C$2,'Playoff Data'!C:C,'Owner View'!B9,'Playoff Data'!H:H,"L") -> 1 | K9: =COUNTIFS('Playoff Data'!B:B,'Owner View'!$C$2,'Playoff Data'!C:C,'Owner View'!B9,'Playoff Data'!H:H,"T") -> 0 | L9: =IFERROR((I9+(0.5*K9))/SUM(I9:K9),"") -> 0.5 | M9: =C9+I9 -> 5 | N9: =D9+J9 -> 8 | O9: =E9+K9 -> 0 | P9: =IFERROR((M9+(0.5*O9))/SUM(M9:O9),"") -> 0.38461538 | S9: 4 | T9: Abby | U9: Brian | V9: =IFERROR(AVERAGEIFS(points,managers,'Owner View'!T9,opponent,'Owner View'!U9,outcome,"W"),"") -> 80.714286 | W9: =IFERROR(V9-VLOOKUP(T9,'SFFL Main Page'!$B$4:$L$20,9,FALSE),"") -> -14.775076 | X9: =IFERROR(COUNTIFS(managers,'Owner View'!T9,opponent,'Owner View'!U9,outcome,"W"),"") -> 7 | Y9: =IFERROR(AVERAGEIFS(points,managers,'Owner View'!T9,opponent,'Owner View'!U9,outcome,"L"),"") -> 69 | Z9: =IFERROR(Y9-VLOOKUP(T9,'SFFL Main Page'!$B$4:$L$20,10,FALSE),"") -> -0.96491228 | AA9: =IFERROR(COUNTIFS(managers,'Owner View'!T9,opponent,'Owner View'!U9,outcome,"L"),"") -> 2 | AB9: =IFERROR(((V9*X9)+(Y9*AA9))/SUM(X9,AA9),"") -> 78.111111 | AC9: =IFERROR(AB9-VLOOKUP(T9,'SFFL Main Page'!$B$4:$L$20,8,FALSE),"") -> -3.3888889 | AD9: =IFERROR(AVERAGEIFS(points,managers,'Owner View'!U9,opponent,'Owner View'!T9,outcome,"W"),"") -> 113 | AE9: =IFERROR(AD9-VLOOKUP(U9,'SFFL Main Page'!$B$4:$L$20,9,FALSE),"") -> 9.4479167 | AF9: =IFERROR(COUNTIFS(managers,'Owner View'!U9,opponent,'Owner View'!T9,outcome,"W"),"") -> 2 | AG9: =IFERROR(AVERAGEIFS(points,managers,'Owner View'!U9,opponent,'Owner View'!T9,outcome,"L"),"") -> 66 | AH9: =IFERROR(AG9-VLOOKUP(U9,'SFFL Main Page'!$B$4:$L$20,10,FALSE),"") -> -11.532468 | AI9: =IFERROR(COUNTIFS(managers,'Owner View'!U9,opponent,'Owner View'!T9,outcome,"L"),"") -> 7 | AJ9: =IFERROR(((AD9*AF9)+(AG9*AI9))/SUM(AF9,AI9),"") -> 76.444444 | AK9: =IFERROR(AJ9-VLOOKUP(U9,'SFFL Main Page'!$B$4:$L$20,8,FALSE),"") -> -15.538314 | AL9: =IFERROR(AC9-AK9,"") -> 12.149425
A10: {=SUMPRODUCT((P10<=$P$6:$P$20)/COUNTIF($P$6:$P$20,$P$6:$P$20))} -> 14 | B10: Brian | C10: =COUNTIFS(managers,$C$2,opponent,B10,outcome,"W") -> 6 | D10: =COUNTIFS(managers,$C$2,opponent,B10,outcome,"L") -> 9 | E10: =COUNTIFS(managers,$C$2,opponent,B10,outcome,"T") -> 0 | F10: =IFERROR((C10+(0.5*E10))/SUM(C10:E10),"") -> 0.4 | G10: =SUMIFS(diff,managers,$C$2,opponent,B10) -> 107 | H10: =SUMIFS(points,managers,$C$2,opponent,B10) -> 1395 | I10: =COUNTIFS('Playoff Data'!B:B,'Owner View'!$C$2,'Playoff Data'!C:C,'Owner View'!B10,'Playoff Data'!H:H,"W") -> 0 | J10: =COUNTIFS('Playoff Data'!B:B,'Owner View'!$C$2,'Playoff Data'!C:C,'Owner View'!B10,'Playoff Data'!H:H,"L") -> 1 | K10: =COUNTIFS('Playoff Data'!B:B,'Owner View'!$C$2,'Playoff Data'!C:C,'Owner View'!B10,'Playoff Data'!H:H,"T") -> 0 | L10: =IFERROR((I10+(0.5*K10))/SUM(I10:K10),"") -> 0 | M10: =C10+I10 -> 6 | N10: =D10+J10 -> 10 | O10: =E10+K10 -> 0 | P10: =IFERROR((M10+(0.5*O10))/SUM(M10:O10),"") -> 0.375 | S10: 5 | T10: Abby | U10: Charles | V10: =IFERROR(AVERAGEIFS(points,managers,'Owner View'!T10,opponent,'Owner View'!U10,outcome,"W"),"") -> 98.5 | W10: =IFERROR(V10-VLOOKUP(T10,'SFFL Main Page'!$B$4:$L$20,9,FALSE),"") -> 3.0106383 | X10: =IFERROR(COUNTIFS(managers,'Owner View'!T10,opponent,'Owner View'!U10,outcome,"W"),"") -> 2 | Y10: =IFERROR(AVERAGEIFS(points,managers,'Owner View'!T10,opponent,'Owner View'!U10,outcome,"L"),"") -> 69.5 | Z10: =IFERROR(Y10-VLOOKUP(T10,'SFFL Main Page'!$B$4:$L$20,10,FALSE),"") -> -0.46491228 | AA10: =IFERROR(COUNTIFS(managers,'Owner View'!T10,opponent,'Owner View'!U10,outcome,"L"),"") -> 4 | AB10: =IFERROR(((V10*X10)+(Y10*AA10))/SUM(X10,AA10),"") -> 79.166667 | AC10: =IFERROR(AB10-VLOOKUP(T10,'SFFL Main Page'!$B$4:$L$20,8,FALSE),"") -> -2.3333333 | AD10: =IFERROR(AVERAGEIFS(points,managers,'Owner View'!U10,opponent,'Owner View'!T10,outcome,"W"),"") -> 119 | AE10: =IFERROR(AD10-VLOOKUP(U10,'SFFL Main Page'!$B$4:$L$20,9,FALSE),"") -> 10.254878 | AF10: =IFERROR(COUNTIFS(managers,'Owner View'!U10,opponent,'Owner View'!T10,outcome,"W"),"") -> 4 | AG10: =IFERROR(AVERAGEIFS(points,managers,'Owner View'!U10,opponent,'Owner View'!T10,outcome,"L"),"") -> 75.5 | AH10: =IFERROR(AG10-VLOOKUP(U10,'SFFL Main Page'!$B$4:$L$20,10,FALSE),"") -> -9.2575758 | AI10: =IFERROR(COUNTIFS(managers,'Owner View'!U10,opponent,'Owner View'!T10,outcome,"L"),"") -> 2 | AJ10: =IFERROR(((AD10*AF10)+(AG10*AI10))/SUM(AF10,AI10),"") -> 104.5 | AK10: =IFERROR(AJ10-VLOOKUP(U10,'SFFL Main Page'!$B$4:$L$20,8,FALSE),"") -> 6.452027 | AL10: =IFERROR(AC10-AK10,"") -> -8.7853604
A11: {=SUMPRODUCT((P11<=$P$6:$P$20)/COUNTIF($P$6:$P$20,$P$6:$P$20))} -> 12 | B11: Charles | C11: =COUNTIFS(managers,$C$2,opponent,B11,outcome,"W") -> 6 | D11: =COUNTIFS(managers,$C$2,opponent,B11,outcome,"L") -> 8 | E11: =COUNTIFS(managers,$C$2,opponent,B11,outcome,"T") -> 0 | F11: =IFERROR((C11+(0.5*E11))/SUM(C11:E11),"") -> 0.42857143 | G11: =SUMIFS(diff,managers,$C$2,opponent,B11) -> -111 | H11: =SUMIFS(points,managers,$C$2,opponent,B11) -> 1236 | I11: =COUNTIFS('Playoff Data'!B:B,'Owner View'!$C$2,'Playoff Data'!C:C,'Owner View'!B11,'Playoff Data'!H:H,"W") -> 0 | J11: =COUNTIFS('Playoff Data'!B:B,'Owner View'!$C$2,'Playoff Data'!C:C,'Owner View'!B11,'Playoff Data'!H:H,"L") -> 0 | K11: =COUNTIFS('Playoff Data'!B:B,'Owner View'!$C$2,'Playoff Data'!C:C,'Owner View'!B11,'Playoff Data'!H:H,"T") -> 0 | L11: =IFERROR((I11+(0.5*K11))/SUM(I11:K11),"") | M11: =C11+I11 -> 6 | N11: =D11+J11 -> 8 | O11: =E11+K11 -> 0 | P11: =IFERROR((M11+(0.5*O11))/SUM(M11:O11),"") -> 0.42857143 | S11: 6 | T11: Abby | U11: David | V11: =IFERROR(AVERAGEIFS(points,managers,'Owner View'!T11,opponent,'Owner View'!U11,outcome,"W"),"") -> 91.857143 | W11: =IFERROR(V11-VLOOKUP(T11,'SFFL Main Page'!$B$4:$L$20,9,FALSE),"") -> -3.6322188 | X11: =IFERROR(COUNTIFS(managers,'Owner View'!T11,opponent,'Owner View'!U11,outcome,"W"),"") -> 7 | Y11: =IFERROR(AVERAGEIFS(points,managers,'Owner View'!T11,opponent,'Owner View'!U11,outcome,"L"),"") -> 78.5 | Z11: =IFERROR(Y11-VLOOKUP(T11,'SFFL Main Page'!$B$4:$L$20,10,FALSE),"") -> 8.5350877 | AA11: =IFERROR(COUNTIFS(managers,'Owner View'!T11,opponent,'Owner View'!U11,outcome,"L"),"") -> 2 | AB11: =IFERROR(((V11*X11)+(Y11*AA11))/SUM(X11,AA11),"") -> 88.888889 | AC11: =IFERROR(AB11-VLOOKUP(T11,'SFFL Main Page'!$B$4:$L$20,8,FALSE),"") -> 7.3888889 | AD11: =IFERROR(AVERAGEIFS(points,managers,'Owner View'!U11,opponent,'Owner View'!T11,outcome,"W"),"") -> 90.5 | AE11: =IFERROR(AD11-VLOOKUP(U11,'SFFL Main Page'!$B$4:$L$20,9,FALSE),"") -> -10.570588 | AF11: =IFERROR(COUNTIFS(managers,'Owner View'!U11,opponent,'Owner View'!T11,outcome,"W"),"") -> 2 | AG11: =IFERROR(AVERAGEIFS(points,managers,'Owner View'!U11,opponent,'Owner View'!T11,outcome,"L"),"") -> 74.285714 | AH11: =IFERROR(AG11-VLOOKUP(U11,'SFFL Main Page'!$B$4:$L$20,10,FALSE),"") -> -3.8392857 | AI11: =IFERROR(COUNTIFS(managers,'Owner View'!U11,opponent,'Owner View'!T11,outcome,"L"),"") -> 7 | AJ11: =IFERROR(((AD11*AF11)+(AG11*AI11))/SUM(AF11,AI11),"") -> 77.888889 | AK11: =IFERROR(AJ11-VLOOKUP(U11,'SFFL Main Page'!$B$4:$L$20,8,FALSE),"") -> -11.51341 | AL11: =IFERROR(AC11-AK11,"") -> 18.902299
A12: {=SUMPRODUCT((P12<=$P$6:$P$20)/COUNTIF($P$6:$P$20,$P$6:$P$20))} -> 10 | B12: David | C12: =COUNTIFS(managers,$C$2,opponent,B12,outcome,"W") -> 6 | D12: =COUNTIFS(managers,$C$2,opponent,B12,outcome,"L") -> 8 | E12: =COUNTIFS(managers,$C$2,opponent,B12,outcome,"T") -> 0 | F12: =IFERROR((C12+(0.5*E12))/SUM(C12:E12),"") -> 0.42857143 | G12: =SUMIFS(diff,managers,$C$2,opponent,B12) -> -190 | H12: =SUMIFS(points,managers,$C$2,opponent,B12) -> 1155 | I12: =COUNTIFS('Playoff Data'!B:B,'Owner View'!$C$2,'Playoff Data'!C:C,'Owner View'!B12,'Playoff Data'!H:H,"W") -> 1 | J12: =COUNTIFS('Playoff Data'!B:B,'Owner View'!$C$2,'Playoff Data'!C:C,'Owner View'!B12,'Playoff Data'!H:H,"L") -> 0 | K12: =COUNTIFS('Playoff Data'!B:B,'Owner View'!$C$2,'Playoff Data'!C:C,'Owner View'!B12,'Playoff Data'!H:H,"T") -> 0 | L12: =IFERROR((I12+(0.5*K12))/SUM(I12:K12),"") -> 1 | M12: =C12+I12 -> 7 | N12: =D12+J12 -> 8 | O12: =E12+K12 -> 0 | P12: =IFERROR((M12+(0.5*O12))/SUM(M12:O12),"") -> 0.46666667 | S12: 7 | T12: Abby | U12: Emily | V12: =IFERROR(AVERAGEIFS(points,managers,'Owner View'!T12,opponent,'Owner View'!U12,outcome,"W"),"") -> 92 | W12: =IFERROR(V12-VLOOKUP(T12,'SFFL Main Page'!$B$4:$L$20,9,FALSE),"") -> -3.4893617 | X12: =IFERROR(COUNTIFS(managers,'Owner View'!T12,opponent,'Owner View'!U12,outcome,"W"),"") -> 5 | Y12: =IFERROR(AVERAGEIFS(points,managers,'Owner View'!T12,opponent,'Owner View'!U12,outcome,"L"),"") -> 58.666667 | Z12: =IFERROR(Y12-VLOOKUP(T12,'SFFL Main Page'!$B$4:$L$20,10,FALSE),"") -> -11.298246 | AA12: =IFERROR(COUNTIFS(managers,'Owner View'!T12,opponent,'Owner View'!U12,outcome,"L"),"") -> 6 | AB12: =IFERROR(((V12*X12)+(Y12*AA12))/SUM(X12,AA12),"") -> 73.818182 | AC12: =IFERROR(AB12-VLOOKUP(T12,'SFFL Main Page'!$B$4:$L$20,8,FALSE),"") -> -7.6818182 | AD12: =IFERROR(AVERAGEIFS(points,managers,'Owner View'!U12,opponent,'Owner View'!T12,outcome,"W"),"") -> 88.5 | AE12: =IFERROR(AD12-VLOOKUP(U12,'SFFL Main Page'!$B$4:$L$20,9,FALSE),"") -> -12.32716 | AF12: =IFERROR(COUNTIFS(managers,'Owner View'!U12,opponent,'Owner View'!T12,outcome,"W"),"") -> 6 | AG12: =IFERROR(AVERAGEIFS(points,managers,'Owner View'!U12,opponent,'Owner View'!T12,outcome,"L"),"") -> 76.2 | AH12: =IFERROR(AG12-VLOOKUP(U12,'SFFL Main Page'!$B$4:$L$20,10,FALSE),"") -> 0.83043478 | AI12: =IFERROR(COUNTIFS(managers,'Owner View'!U12,opponent,'Owner View'!T12,outcome,"L"),"") -> 5 | AJ12: =IFERROR(((AD12*AF12)+(AG12*AI12))/SUM(AF12,AI12),"") -> 82.909091 | AK12: =IFERROR(AJ12-VLOOKUP(U12,'SFFL Main Page'!$B$4:$L$20,8,FALSE),"") -> -4.3322884 | AL12: =IFERROR(AC12-AK12,"") -> -3.3495298
A13: {=SUMPRODUCT((P13<=$P$6:$P$20)/COUNTIF($P$6:$P$20,$P$6:$P$20))} -> 9 | B13: Grayson | C13: =COUNTIFS(managers,$C$2,opponent,B13,outcome,"W") -> 1 | D13: =COUNTIFS(managers,$C$2,opponent,B13,outcome,"L") -> 1 | E13: =COUNTIFS(managers,$C$2,opponent,B13,outcome,"T") -> 0 | F13: =IFERROR((C13+(0.5*E13))/SUM(C13:E13),"") -> 0.5 | G13: =SUMIFS(diff,managers,$C$2,opponent,B13) -> -26 | H13: =SUMIFS(points,managers,$C$2,opponent,B13) -> 212 | I13: =COUNTIFS('Playoff Data'!B:B,'Owner View'!$C$2,'Playoff Data'!C:C,'Owner View'!B13,'Playoff Data'!H:H,"W") -> 0 | J13: =COUNTIFS('Playoff Data'!B:B,'Owner View'!$C$2,'Playoff Data'!C:C,'Owner View'!B13,'Playoff Data'!H:H,"L") -> 0 | K13: =COUNTIFS('Playoff Data'!B:B,'Owner View'!$C$2,'Playoff Data'!C:C,'Owner View'!B13,'Playoff Data'!H:H,"T") -> 0 | L13: =IFERROR((I13+(0.5*K13))/SUM(I13:K13),"") | M13: =C13+I13 -> 1 | N13: =D13+J13 -> 1 | O13: =E13+K13 -> 0 | P13: =IFERROR((M13+(0.5*O13))/SUM(M13:O13),"") -> 0.5 | S13: 8 | T13: Abby | U13: Grayson | V13: =IFERROR(AVERAGEIFS(points,managers,'Owner View'!T13,opponent,'Owner View'!U13,outcome,"W"),"") | W13: =IFERROR(V13-VLOOKUP(T13,'SFFL Main Page'!$B$4:$L$20,9,FALSE),"") | X13: =IFERROR(COUNTIFS(managers,'Owner View'!T13,opponent,'Owner View'!U13,outcome,"W"),"") -> 0 | Y13: =IFERROR(AVERAGEIFS(points,managers,'Owner View'!T13,opponent,'Owner View'!U13,outcome,"L"),"") | Z13: =IFERROR(Y13-VLOOKUP(T13,'SFFL Main Page'!$B$4:$L$20,10,FALSE),"") | AA13: =IFERROR(COUNTIFS(managers,'Owner View'!T13,opponent,'Owner View'!U13,outcome,"L"),"") -> 0 | AB13: =IFERROR(((V13*X13)+(Y13*AA13))/SUM(X13,AA13),"") | AC13: =IFERROR(AB13-VLOOKUP(T13,'SFFL Main Page'!$B$4:$L$20,8,FALSE),"") | AD13: =IFERROR(AVERAGEIFS(points,managers,'Owner View'!U13,opponent,'Owner View'!T13,outcome,"W"),"") | AE13: =IFERROR(AD13-VLOOKUP(U13,'SFFL Main Page'!$B$4:$L$20,9,FALSE),"") | AF13: =IFERROR(COUNTIFS(managers,'Owner View'!U13,opponent,'Owner View'!T13,outcome,"W"),"") -> 0 | AG13: =IFERROR(AVERAGEIFS(points,managers,'Owner View'!U13,opponent,'Owner View'!T13,outcome,"L"),"") | AH13: =IFERROR(AG13-VLOOKUP(U13,'SFFL Main Page'!$B$4:$L$20,10,FALSE),"") | AI13: =IFERROR(COUNTIFS(managers,'Owner View'!U13,opponent,'Owner View'!T13,outcome,"L"),"") -> 0 | AJ13: =IFERROR(((AD13*AF13)+(AG13*AI13))/SUM(AF13,AI13),"") | AK13: =IFERROR(AJ13-VLOOKUP(U13,'SFFL Main Page'!$B$4:$L$20,8,FALSE),"") | AL13: =IFERROR(AC13-AK13,"")
A14: {=SUMPRODUCT((P14<=$P$6:$P$20)/COUNTIF($P$6:$P$20,$P$6:$P$20))} -> 9 | B14: Jordan | C14: =COUNTIFS(managers,$C$2,opponent,B14,outcome,"W") -> 1 | D14: =COUNTIFS(managers,$C$2,opponent,B14,outcome,"L") -> 1 | E14: =COUNTIFS(managers,$C$2,opponent,B14,outcome,"T") -> 0 | F14: =IFERROR((C14+(0.5*E14))/SUM(C14:E14),"") -> 0.5 | G14: =SUMIFS(diff,managers,$C$2,opponent,B14) -> -16 | H14: =SUMIFS(points,managers,$C$2,opponent,B14) -> 208 | I14: =COUNTIFS('Playoff Data'!B:B,'Owner View'!$C$2,'Playoff Data'!C:C,'Owner View'!B14,'Playoff Data'!H:H,"W") -> 0 | J14: =COUNTIFS('Playoff Data'!B:B,'Owner View'!$C$2,'Playoff Data'!C:C,'Owner View'!B14,'Playoff Data'!H:H,"L") -> 0 | K14: =COUNTIFS('Playoff Data'!B:B,'Owner View'!$C$2,'Playoff Data'!C:C,'Owner View'!B14,'Playoff Data'!H:H,"T") -> 0 | L14: =IFERROR((I14+(0.5*K14))/SUM(I14:K14),"") | M14: =C14+I14 -> 1 | N14: =D14+J14 -> 1 | O14: =E14+K14 -> 0 | P14: =IFERROR((M14+(0.5*O14))/SUM(M14:O14),"") -> 0.5 | S14: 9 | T14: Abby | U14: Jordan | V14: =IFERROR(AVERAGEIFS(points,managers,'Owner View'!T14,opponent,'Owner View'!U14,outcome,"W"),"") | W14: =IFERROR(V14-VLOOKUP(T14,'SFFL Main Page'!$B$4:$L$20,9,FALSE),"") | X14: =IFERROR(COUNTIFS(managers,'Owner View'!T14,opponent,'Owner View'!U14,outcome,"W"),"") -> 0 | Y14: =IFERROR(AVERAGEIFS(points,managers,'Owner View'!T14,opponent,'Owner View'!U14,outcome,"L"),"") | Z14: =IFERROR(Y14-VLOOKUP(T14,'SFFL Main Page'!$B$4:$L$20,10,FALSE),"") | AA14: =IFERROR(COUNTIFS(managers,'Owner View'!T14,opponent,'Owner View'!U14,outcome,"L"),"") -> 0 | AB14: =IFERROR(((V14*X14)+(Y14*AA14))/SUM(X14,AA14),"") | AC14: =IFERROR(AB14-VLOOKUP(T14,'SFFL Main Page'!$B$4:$L$20,8,FALSE),"") | AD14: =IFERROR(AVERAGEIFS(points,managers,'Owner View'!U14,opponent,'Owner View'!T14,outcome,"W"),"") | AE14: =IFERROR(AD14-VLOOKUP(U14,'SFFL Main Page'!$B$4:$L$20,9,FALSE),"") | AF14: =IFERROR(COUNTIFS(managers,'Owner View'!U14,opponent,'Owner View'!T14,outcome,"W"),"") -> 0 | AG14: =IFERROR(AVERAGEIFS(points,managers,'Owner View'!U14,opponent,'Owner View'!T14,outcome,"L"),"") | AH14: =IFERROR(AG14-VLOOKUP(U14,'SFFL Main Page'!$B$4:$L$20,10,FALSE),"") | AI14: =IFERROR(COUNTIFS(managers,'Owner View'!U14,opponent,'Owner View'!T14,outcome,"L"),"") -> 0 | AJ14: =IFERROR(((AD14*AF14)+(AG14*AI14))/SUM(AF14,AI14),"") | AK14: =IFERROR(AJ14-VLOOKUP(U14,'SFFL Main Page'!$B$4:$L$20,8,FALSE),"") | AL14: =IFERROR(AC14-AK14,"")
A15: {=SUMPRODUCT((P15<=$P$6:$P$20)/COUNTIF($P$6:$P$20,$P$6:$P$20))} -> 3 | B15: Emily | C15: =COUNTIFS(managers,$C$2,opponent,B15,outcome,"W") -> 10 | D15: =COUNTIFS(managers,$C$2,opponent,B15,outcome,"L") -> 4 | E15: =COUNTIFS(managers,$C$2,opponent,B15,outcome,"T") -> 0 | F15: =IFERROR((C15+(0.5*E15))/SUM(C15:E15),"") -> 0.71428571 | G15: =SUMIFS(diff,managers,$C$2,opponent,B15) -> 80 | H15: =SUMIFS(points,managers,$C$2,opponent,B15) -> 1229 | I15: =COUNTIFS('Playoff Data'!B:B,'Owner View'!$C$2,'Playoff Data'!C:C,'Owner View'!B15,'Playoff Data'!H:H,"W") -> 0 | J15: =COUNTIFS('Playoff Data'!B:B,'Owner View'!$C$2,'Playoff Data'!C:C,'Owner View'!B15,'Playoff Data'!H:H,"L") -> 0 | K15: =COUNTIFS('Playoff Data'!B:B,'Owner View'!$C$2,'Playoff Data'!C:C,'Owner View'!B15,'Playoff Data'!H:H,"T") -> 0 | L15: =IFERROR((I15+(0.5*K15))/SUM(I15:K15),"") | M15: =C15+I15 -> 10 | N15: =D15+J15 -> 4 | O15: =E15+K15 -> 0 | P15: =IFERROR((M15+(0.5*O15))/SUM(M15:O15),"") -> 0.71428571 | S15: 10 | T15: Abby | U15: Mark | V15: =IFERROR(AVERAGEIFS(points,managers,'Owner View'!T15,opponent,'Owner View'!U15,outcome,"W"),"") -> 95.333333 | W15: =IFERROR(V15-VLOOKUP(T15,'SFFL Main Page'!$B$4:$L$20,9,FALSE),"") -> -0.15602837 | X15: =IFERROR(COUNTIFS(managers,'Owner View'!T15,opponent,'Owner View'!U15,outcome,"W"),"") -> 6 | Y15: =IFERROR(AVERAGEIFS(points,managers,'Owner View'!T15,opponent,'Owner View'!U15,outcome,"L"),"") -> 65.666667 | Z15: =IFERROR(Y15-VLOOKUP(T15,'SFFL Main Page'!$B$4:$L$20,10,FALSE),"") -> -4.2982456 | AA15: =IFERROR(COUNTIFS(managers,'Owner View'!T15,opponent,'Owner View'!U15,outcome,"L"),"") -> 3 | AB15: =IFERROR(((V15*X15)+(Y15*AA15))/SUM(X15,AA15),"") -> 85.444444 | AC15: =IFERROR(AB15-VLOOKUP(T15,'SFFL Main Page'!$B$4:$L$20,8,FALSE),"") -> 3.9444444 | AD15: =IFERROR(AVERAGEIFS(points,managers,'Owner View'!U15,opponent,'Owner View'!T15,outcome,"W"),"") -> 93.666667 | AE15: =IFERROR(AD15-VLOOKUP(U15,'SFFL Main Page'!$B$4:$L$20,9,FALSE),"") -> -8.713615 | AF15: =IFERROR(COUNTIFS(managers,'Owner View'!U15,opponent,'Owner View'!T15,outcome,"W"),"") -> 3 | AG15: =IFERROR(AVERAGEIFS(points,managers,'Owner View'!U15,opponent,'Owner View'!T15,outcome,"L"),"") -> 64.166667 | AH15: =IFERROR(AG15-VLOOKUP(U15,'SFFL Main Page'!$B$4:$L$20,10,FALSE),"") -> -15.784314 | AI15: =IFERROR(COUNTIFS(managers,'Owner View'!U15,opponent,'Owner View'!T15,outcome,"L"),"") -> 6 | AJ15: =IFERROR(((AD15*AF15)+(AG15*AI15))/SUM(AF15,AI15),"") -> 74 | AK15: =IFERROR(AJ15-VLOOKUP(U15,'SFFL Main Page'!$B$4:$L$20,8,FALSE),"") -> -15.16092 | AL15: =IFERROR(AC15-AK15,"") -> 19.105364
A16: {=SUMPRODUCT((P16<=$P$6:$P$20)/COUNTIF($P$6:$P$20,$P$6:$P$20))} -> 4 | B16: Mark | C16: =COUNTIFS(managers,$C$2,opponent,B16,outcome,"W") -> 10 | D16: =COUNTIFS(managers,$C$2,opponent,B16,outcome,"L") -> 5 | E16: =COUNTIFS(managers,$C$2,opponent,B16,outcome,"T") -> 0 | F16: =IFERROR((C16+(0.5*E16))/SUM(C16:E16),"") -> 0.66666667 | G16: =SUMIFS(diff,managers,$C$2,opponent,B16) -> 174 | H16: =SUMIFS(points,managers,$C$2,opponent,B16) -> 1503 | I16: =COUNTIFS('Playoff Data'!B:B,'Owner View'!$C$2,'Playoff Data'!C:C,'Owner View'!B16,'Playoff Data'!H:H,"W") -> 0 | J16: =COUNTIFS('Playoff Data'!B:B,'Owner View'!$C$2,'Playoff Data'!C:C,'Owner View'!B16,'Playoff Data'!H:H,"L") -> 0 | K16: =COUNTIFS('Playoff Data'!B:B,'Owner View'!$C$2,'Playoff Data'!C:C,'Owner View'!B16,'Playoff Data'!H:H,"T") -> 0 | L16: =IFERROR((I16+(0.5*K16))/SUM(I16:K16),"") | M16: =C16+I16 -> 10 | N16: =D16+J16 -> 5 | O16: =E16+K16 -> 0 | P16: =IFERROR((M16+(0.5*O16))/SUM(M16:O16),"") -> 0.66666667 | S16: 11 | T16: Abby | U16: Matt | V16: =IFERROR(AVERAGEIFS(points,managers,'Owner View'!T16,opponent,'Owner View'!U16,outcome,"W"),"") -> 98.8 | W16: =IFERROR(V16-VLOOKUP(T16,'SFFL Main Page'!$B$4:$L$20,9,FALSE),"") -> 3.3106383 | X16: =IFERROR(COUNTIFS(managers,'Owner View'!T16,opponent,'Owner View'!U16,outcome,"W"),"") -> 5 | Y16: =IFERROR(AVERAGEIFS(points,managers,'Owner View'!T16,opponent,'Owner View'!U16,outcome,"L"),"") -> 77.333333 | Z16: =IFERROR(Y16-VLOOKUP(T16,'SFFL Main Page'!$B$4:$L$20,10,FALSE),"") -> 7.3684211 | AA16: =IFERROR(COUNTIFS(managers,'Owner View'!T16,opponent,'Owner View'!U16,outcome,"L"),"") -> 9 | AB16: =IFERROR(((V16*X16)+(Y16*AA16))/SUM(X16,AA16),"") -> 85 | AC16: =IFERROR(AB16-VLOOKUP(T16,'SFFL Main Page'!$B$4:$L$20,8,FALSE),"") -> 3.5 | AD16: =IFERROR(AVERAGEIFS(points,managers,'Owner View'!U16,opponent,'Owner View'!T16,outcome,"W"),"") -> 91.333333 | AE16: =IFERROR(AD16-VLOOKUP(U16,'SFFL Main Page'!$B$4:$L$20,9,FALSE),"") -> -11.566667 | AF16: =IFERROR(COUNTIFS(managers,'Owner View'!U16,opponent,'Owner View'!T16,outcome,"W"),"") -> 9 | AG16: =IFERROR(AVERAGEIFS(points,managers,'Owner View'!U16,opponent,'Owner View'!T16,outcome,"L"),"") -> 82.4 | AH16: =IFERROR(AG16-VLOOKUP(U16,'SFFL Main Page'!$B$4:$L$20,10,FALSE),"") -> 0.46451613 | AI16: =IFERROR(COUNTIFS(managers,'Owner View'!U16,opponent,'Owner View'!T16,outcome,"L"),"") -> 5 | AJ16: =IFERROR(((AD16*AF16)+(AG16*AI16))/SUM(AF16,AI16),"") -> 88.142857 | AK16: =IFERROR(AJ16-VLOOKUP(U16,'SFFL Main Page'!$B$4:$L$20,8,FALSE),"") -> -3.4261084 | AL16: =IFERROR(AC16-AK16,"") -> 6.9261084
A17: {=SUMPRODUCT((P17<=$P$6:$P$20)/COUNTIF($P$6:$P$20,$P$6:$P$20))} -> 6 | B17: Matt | C17: =COUNTIFS(managers,$C$2,opponent,B17,outcome,"W") -> 9 | D17: =COUNTIFS(managers,$C$2,opponent,B17,outcome,"L") -> 6 | E17: =COUNTIFS(managers,$C$2,opponent,B17,outcome,"T") -> 0 | F17: =IFERROR((C17+(0.5*E17))/SUM(C17:E17),"") -> 0.6 | G17: =SUMIFS(diff,managers,$C$2,opponent,B17) -> 35 | H17: =SUMIFS(points,managers,$C$2,opponent,B17) -> 1400 | I17: =COUNTIFS('Playoff Data'!B:B,'Owner View'!$C$2,'Playoff Data'!C:C,'Owner View'!B17,'Playoff Data'!H:H,"W") -> 1 | J17: =COUNTIFS('Playoff Data'!B:B,'Owner View'!$C$2,'Playoff Data'!C:C,'Owner View'!B17,'Playoff Data'!H:H,"L") -> 1 | K17: =COUNTIFS('Playoff Data'!B:B,'Owner View'!$C$2,'Playoff Data'!C:C,'Owner View'!B17,'Playoff Data'!H:H,"T") -> 0 | L17: =IFERROR((I17+(0.5*K17))/SUM(I17:K17),"") -> 0.5 | M17: =C17+I17 -> 10 | N17: =D17+J17 -> 7 | O17: =E17+K17 -> 0 | P17: =IFERROR((M17+(0.5*O17))/SUM(M17:O17),"") -> 0.58823529 | S17: 12 | T17: Abby | U17: Michael | V17: =IFERROR(AVERAGEIFS(points,managers,'Owner View'!T17,opponent,'Owner View'!U17,outcome,"W"),"") -> 107.75 | W17: =IFERROR(V17-VLOOKUP(T17,'SFFL Main Page'!$B$4:$L$20,9,FALSE),"") -> 12.260638 | X17: =IFERROR(COUNTIFS(managers,'Owner View'!T17,opponent,'Owner View'!U17,outcome,"W"),"") -> 4 | Y17: =IFERROR(AVERAGEIFS(points,managers,'Owner View'!T17,opponent,'Owner View'!U17,outcome,"L"),"") -> 72.714286 | Z17: =IFERROR(Y17-VLOOKUP(T17,'SFFL Main Page'!$B$4:$L$20,10,FALSE),"") -> 2.7493734 | AA17: =IFERROR(COUNTIFS(managers,'Owner View'!T17,opponent,'Owner View'!U17,outcome,"L"),"") -> 7 | AB17: =IFERROR(((V17*X17)+(Y17*AA17))/SUM(X17,AA17),"") -> 85.454545 | AC17: =IFERROR(AB17-VLOOKUP(T17,'SFFL Main Page'!$B$4:$L$20,8,FALSE),"") -> 3.9545455 | AD17: =IFERROR(AVERAGEIFS(points,managers,'Owner View'!U17,opponent,'Owner View'!T17,outcome,"W"),"") -> 101.85714 | AE17: =IFERROR(AD17-VLOOKUP(U17,'SFFL Main Page'!$B$4:$L$20,9,FALSE),"") -> -1.0683891 | AF17: =IFERROR(COUNTIFS(managers,'Owner View'!U17,opponent,'Owner View'!T17,outcome,"W"),"") -> 7 | AG17: =IFERROR(AVERAGEIFS(points,managers,'Owner View'!U17,opponent,'Owner View'!T17,outcome,"L"),"") -> 68.75 | AH17: =IFERROR(AG17-VLOOKUP(U17,'SFFL Main Page'!$B$4:$L$20,10,FALSE),"") -> -11.882911 | AI17: =IFERROR(COUNTIFS(managers,'Owner View'!U17,opponent,'Owner View'!T17,outcome,"L"),"") -> 4 | AJ17: =IFERROR(((AD17*AF17)+(AG17*AI17))/SUM(AF17,AI17),"") -> 89.818182 | AK17: =IFERROR(AJ17-VLOOKUP(U17,'SFFL Main Page'!$B$4:$L$20,8,FALSE),"") -> -3.0208986 | AL17: =IFERROR(AC17-AK17,"") -> 6.9754441
... A20: {=SUMPRODUCT((P20<=$P$6:$P$20)/COUNTIF($P$6:$P$20,$P$6:$P$20))} -> 7 | B20: Watty | C20: =COUNTIFS(managers,$C$2,opponent,B20,outcome,"W") -> 13 | D20: =COUNTIFS(managers,$C$2,opponent,B20,outcome,"L") -> 10 | E20: =COUNTIFS(managers,$C$2,opponent,B20,outcome,"T") -> 0 | F20: =IFERROR((C20+(0.5*E20))/SUM(C20:E20),"") -> 0.56521739 | G20: =SUMIFS(diff,managers,$C$2,opponent,B20) -> 204 | H20: =SUMIFS(points,managers,$C$2,opponent,B20) -> 2120 | I20: =COUNTIFS('Playoff Data'!B:B,'Owner View'!$C$2,'Playoff Data'!C:C,'Owner View'!B20,'Playoff Data'!H:H,"W") -> 1 | J20: =COUNTIFS('Playoff Data'!B:B,'Owner View'!$C$2,'Playoff Data'!C:C,'Owner View'!B20,'Playoff Data'!H:H,"L") -> 1 | K20: =COUNTIFS('Playoff Data'!B:B,'Owner View'!$C$2,'Playoff Data'!C:C,'Owner View'!B20,'Playoff Data'!H:H,"T") -> 0 | L20: =IFERROR((I20+(0.5*K20))/SUM(I20:K20),"") -> 0.5 | M20: =C20+I20 -> 14 | N20: =D20+J20 -> 11 | O20: =E20+K20 -> 0 | P20: =IFERROR((M20+(0.5*O20))/SUM(M20:O20),"") -> 0.56 | S20: 15 | T20: Arnold | U20: Abby | V20: =IFERROR(AVERAGEIFS(points,managers,'Owner View'!T20,opponent,'Owner View'!U20,outcome,"W"),"") | W20: =IFERROR(V20-VLOOKUP(T20,'SFFL Main Page'!$B$4:$L$20,9,FALSE),"") | X20: =IFERROR(COUNTIFS(managers,'Owner View'!T20,opponent,'Owner View'!U20,outcome,"W"),"") -> 0 | Y20: =IFERROR(AVERAGEIFS(points,managers,'Owner View'!T20,opponent,'Owner View'!U20,outcome,"L"),"") | Z20: =IFERROR(Y20-VLOOKUP(T20,'SFFL Main Page'!$B$4:$L$20,10,FALSE),"") | AA20: =IFERROR(COUNTIFS(managers,'Owner View'!T20,opponent,'Owner View'!U20,outcome,"L"),"") -> 0 | AB20: =IFERROR(((V20*X20)+(Y20*AA20))/SUM(X20,AA20),"") | AC20: =IFERROR(AB20-VLOOKUP(T20,'SFFL Main Page'!$B$4:$L$20,8,FALSE),"") | AD20: =IFERROR(AVERAGEIFS(points,managers,'Owner View'!U20,opponent,'Owner View'!T20,outcome,"W"),"") | AE20: =IFERROR(AD20-VLOOKUP(U20,'SFFL Main Page'!$B$4:$L$20,9,FALSE),"") | AF20: =IFERROR(COUNTIFS(managers,'Owner View'!U20,opponent,'Owner View'!T20,outcome,"W"),"") -> 0 | AG20: =IFERROR(AVERAGEIFS(points,managers,'Owner View'!U20,opponent,'Owner View'!T20,outcome,"L"),"") | AH20: =IFERROR(AG20-VLOOKUP(U20,'SFFL Main Page'!$B$4:$L$20,10,FALSE),"") | AI20: =IFERROR(COUNTIFS(managers,'Owner View'!U20,opponent,'Owner View'!T20,outcome,"L"),"") -> 0 | AJ20: =IFERROR(((AD20*AF20)+(AG20*AI20))/SUM(AF20,AI20),"") | AK20: =IFERROR(AJ20-VLOOKUP(U20,'SFFL Main Page'!$B$4:$L$20,8,FALSE),"") | AL20: =IFERROR(AC20-AK20,"")
A21: =IFERROR(RANK(#REF!,$F$6:$F$20),"") | B21: Overall | C21: =SUM(C6:C20) -> 94 | D21: =SUM(D6:D20) -> 79 | E21: =SUM(E6:E20) -> 1 | F21: =IFERROR((C21+(0.5*E21))/SUM(C21:E21),"") -> 0.54310345 | G21: =SUMIF(managers,$C$2,diff) -> 278 | H21: =SUMIF(managers,C2,points) -> 16154 | I21: =SUM(I6:I20) -> 5 | J21: =SUM(J6:J20) -> 6 | K21: =SUM(K6:K20) -> 0 | L21: =IFERROR((I21+(0.5*K21))/SUM(I21:K21),"") -> 0.45454545 | M21: =SUM(M6:M20) -> 99 | N21: =SUM(N6:N20) -> 85 | O21: =SUM(O6:O20) -> 1 | P21: =IFERROR((M21+(0.5*O21))/SUM(M21:O21),"") -> 0.53783784 | S21: 16 | T21: Arnold | U21: BR | V21: =IFERROR(AVERAGEIFS(points,managers,'Owner View'!T21,opponent,'Owner View'!U21,outcome,"W"),"") -> 111 | W21: =IFERROR(V21-VLOOKUP(T21,'SFFL Main Page'!$B$4:$L$20,9,FALSE),"") -> 2.3103448 | X21: =IFERROR(COUNTIFS(managers,'Owner View'!T21,opponent,'Owner View'!U21,outcome,"W"),"") -> 1 | Y21: =IFERROR(AVERAGEIFS(points,managers,'Owner View'!T21,opponent,'Owner View'!U21,outcome,"L"),"") -> 79.25 | Z21: =IFERROR(Y21-VLOOKUP(T21,'SFFL Main Page'!$B$4:$L$20,10,FALSE),"") -> -2.3353659 | AA21: =IFERROR(COUNTIFS(managers,'Owner View'!T21,opponent,'Owner View'!U21,outcome,"L"),"") -> 4 | AB21: =IFERROR(((V21*X21)+(Y21*AA21))/SUM(X21,AA21),"") -> 85.6 | AC21: =IFERROR(AB21-VLOOKUP(T21,'SFFL Main Page'!$B$4:$L$20,8,FALSE),"") -> -7.2142857 | AD21: =IFERROR(AVERAGEIFS(points,managers,'Owner View'!U21,opponent,'Owner View'!T21,outcome,"W"),"") -> 100 | AE21: =IFERROR(AD21-VLOOKUP(U21,'SFFL Main Page'!$B$4:$L$20,9,FALSE),"") -> -1.7701149 | AF21: =IFERROR(COUNTIFS(managers,'Owner View'!U21,opponent,'Owner View'!T21,outcome,"W"),"") -> 4 | AG21: =IFERROR(AVERAGEIFS(points,managers,'Owner View'!U21,opponent,'Owner View'!T21,outcome,"L"),"") -> 86 | AH21: =IFERROR(AG21-VLOOKUP(U21,'SFFL Main Page'!$B$4:$L$20,10,FALSE),"") -> 8.0595238 | AI21: =IFERROR(COUNTIFS(managers,'Owner View'!U21,opponent,'Owner View'!T21,outcome,"L"),"") -> 1 | AJ21: =IFERROR(((AD21*AF21)+(AG21*AI21))/SUM(AF21,AI21),"") -> 97.2 | AK21: =IFERROR(AJ21-VLOOKUP(U21,'SFFL Main Page'!$B$4:$L$20,8,FALSE),"") -> 7.2114943 | AL21: =IFERROR(AC21-AK21,"") -> -14.42578
A22: =IFERROR(RANK(#REF!,$F$6:$F$20),"") | S22: 17 | T22: Arnold | U22: Brent | V22: =IFERROR(AVERAGEIFS(points,managers,'Owner View'!T22,opponent,'Owner View'!U22,outcome,"W"),"") -> 77 | W22: =IFERROR(V22-VLOOKUP(T22,'SFFL Main Page'!$B$4:$L$20,9,FALSE),"") -> -31.689655 | X22: =IFERROR(COUNTIFS(managers,'Owner View'!T22,opponent,'Owner View'!U22,outcome,"W"),"") -> 1 | Y22: =IFERROR(AVERAGEIFS(points,managers,'Owner View'!T22,opponent,'Owner View'!U22,outcome,"L"),"") -> 82.6 | Z22: =IFERROR(Y22-VLOOKUP(T22,'SFFL Main Page'!$B$4:$L$20,10,FALSE),"") -> 1.0146341 | AA22: =IFERROR(COUNTIFS(managers,'Owner View'!T22,opponent,'Owner View'!U22,outcome,"L"),"") -> 5 | AB22: =IFERROR(((V22*X22)+(Y22*AA22))/SUM(X22,AA22),"") -> 81.666667 | AC22: =IFERROR(AB22-VLOOKUP(T22,'SFFL Main Page'!$B$4:$L$20,8,FALSE),"") -> -11.147619 | AD22: =IFERROR(AVERAGEIFS(points,managers,'Owner View'!U22,opponent,'Owner View'!T22,outcome,"W"),"") -> 118.8 | AE22: =IFERROR(AD22-VLOOKUP(U22,'SFFL Main Page'!$B$4:$L$20,9,FALSE),"") -> 13.442105 | AF22: =IFERROR(COUNTIFS(managers,'Owner View'!U22,opponent,'Owner View'!T22,outcome,"W"),"") -> 5 | AG22: =IFERROR(AVERAGEIFS(points,managers,'Owner View'!U22,opponent,'Owner View'!T22,outcome,"L"),"") -> 66 | AH22: =IFERROR(AG22-VLOOKUP(U22,'SFFL Main Page'!$B$4:$L$20,10,FALSE),"") -> -17.576923 | AI22: =IFERROR(COUNTIFS(managers,'Owner View'!U22,opponent,'Owner View'!T22,outcome,"L"),"") -> 1 | AJ22: =IFERROR(((AD22*AF22)+(AG22*AI22))/SUM(AF22,AI22),"") -> 110 | AK22: =IFERROR(AJ22-VLOOKUP(U22,'SFFL Main Page'!$B$4:$L$20,8,FALSE),"") -> 12.439189 | AL22: =IFERROR(AC22-AK22,"") -> -23.586808
B23: Best Against | C23: 1 | D23: {=_xlfn.TEXTJOIN(",",TRUE,IF((C23+1)=$A$6:$A$20,$B$6:$B$20,""))} -> Arnold | S23: 18 | T23: Arnold | U23: Brian | V23: =IFERROR(AVERAGEIFS(points,managers,'Owner View'!T23,opponent,'Owner View'!U23,outcome,"W"),"") -> 115 | W23: =IFERROR(V23-VLOOKUP(T23,'SFFL Main Page'!$B$4:$L$20,9,FALSE),"") -> 6.3103448 | X23: =IFERROR(COUNTIFS(managers,'Owner View'!T23,opponent,'Owner View'!U23,outcome,"W"),"") -> 2 | Y23: =IFERROR(AVERAGEIFS(points,managers,'Owner View'!T23,opponent,'Owner View'!U23,outcome,"L"),"") -> 95.333333 | Z23: =IFERROR(Y23-VLOOKUP(T23,'SFFL Main Page'!$B$4:$L$20,10,FALSE),"") -> 13.747967 | AA23: =IFERROR(COUNTIFS(managers,'Owner View'!T23,opponent,'Owner View'!U23,outcome,"L"),"") -> 3 | AB23: =IFERROR(((V23*X23)+(Y23*AA23))/SUM(X23,AA23),"") -> 103.2 | AC23: =IFERROR(AB23-VLOOKUP(T23,'SFFL Main Page'!$B$4:$L$20,8,FALSE),"") -> 10.385714 | AD23: =IFERROR(AVERAGEIFS(points,managers,'Owner View'!U23,opponent,'Owner View'!T23,outcome,"W"),"") -> 125 | AE23: =IFERROR(AD23-VLOOKUP(U23,'SFFL Main Page'!$B$4:$L$20,9,FALSE),"") -> 21.447917 | AF23: =IFERROR(COUNTIFS(managers,'Owner View'!U23,opponent,'Owner View'!T23,outcome,"W"),"") -> 3 | AG23: =IFERROR(AVERAGEIFS(points,managers,'Owner View'!U23,opponent,'Owner View'!T23,outcome,"L"),"") -> 83 | AH23: =IFERROR(AG23-VLOOKUP(U23,'SFFL Main Page'!$B$4:$L$20,10,FALSE),"") -> 5.4675325 | AI23: =IFERROR(COUNTIFS(managers,'Owner View'!U23,opponent,'Owner View'!T23,outcome,"L"),"") -> 2 | AJ23: =IFERROR(((AD23*AF23)+(AG23*AI23))/SUM(AF23,AI23),"") -> 108.2 | AK23: =IFERROR(AJ23-VLOOKUP(U23,'SFFL Main Page'!$B$4:$L$20,8,FALSE),"") -> 16.217241 | AL23: =IFERROR(AC23-AK23,"") -> -5.8315271
C24: 2 | D24: {=_xlfn.TEXTJOIN(",",TRUE,IF((C24+1)=$A$6:$A$20,$B$6:$B$20,""))} -> Emily | S24: 19 | T24: Arnold | U24: Charles | V24: =IFERROR(AVERAGEIFS(points,managers,'Owner View'!T24,opponent,'Owner View'!U24,outcome,"W"),"") -> 120 | W24: =IFERROR(V24-VLOOKUP(T24,'SFFL Main Page'!$B$4:$L$20,9,FALSE),"") -> 11.310345 | X24: =IFERROR(COUNTIFS(managers,'Owner View'!T24,opponent,'Owner View'!U24,outcome,"W"),"") -> 1 | Y24: =IFERROR(AVERAGEIFS(points,managers,'Owner View'!T24,opponent,'Owner View'!U24,outcome,"L"),"") -> 85.8 | Z24: =IFERROR(Y24-VLOOKUP(T24,'SFFL Main Page'!$B$4:$L$20,10,FALSE),"") -> 4.2146341 | AA24: =IFERROR(COUNTIFS(managers,'Owner View'!T24,opponent,'Owner View'!U24,outcome,"L"),"") -> 5 | AB24: =IFERROR(((V24*X24)+(Y24*AA24))/SUM(X24,AA24),"") -> 91.5 | AC24: =IFERROR(AB24-VLOOKUP(T24,'SFFL Main Page'!$B$4:$L$20,8,FALSE),"") -> -1.3142857 | AD24: =IFERROR(AVERAGEIFS(points,managers,'Owner View'!U24,opponent,'Owner View'!T24,outcome,"W"),"") -> 114.8 | AE24: =IFERROR(AD24-VLOOKUP(U24,'SFFL Main Page'!$B$4:$L$20,9,FALSE),"") -> 6.054878 | AF24: =IFERROR(COUNTIFS(managers,'Owner View'!U24,opponent,'Owner View'!T24,outcome,"W"),"") -> 5 | AG24: =IFERROR(AVERAGEIFS(points,managers,'Owner View'!U24,opponent,'Owner View'!T24,outcome,"L"),"") -> 77 | AH24: =IFERROR(AG24-VLOOKUP(U24,'SFFL Main Page'!$B$4:$L$20,10,FALSE),"") -> -7.7575758 | AI24: =IFERROR(COUNTIFS(managers,'Owner View'!U24,opponent,'Owner View'!T24,outcome,"L"),"") -> 1 | AJ24: =IFERROR(((AD24*AF24)+(AG24*AI24))/SUM(AF24,AI24),"") -> 108.5 | AK24: =IFERROR(AJ24-VLOOKUP(U24,'SFFL Main Page'!$B$4:$L$20,8,FALSE),"") -> 10.452027 | AL24: =IFERROR(AC24-AK24,"") -> -11.766313
C25: 3 | D25: {=_xlfn.TEXTJOIN(",",TRUE,IF((C25+1)=$A$6:$A$20,$B$6:$B$20,""))} -> Mark | S25: 20 | T25: Arnold | U25: David | V25: =IFERROR(AVERAGEIFS(points,managers,'Owner View'!T25,opponent,'Owner View'!U25,outcome,"W"),"") -> 105 | W25: =IFERROR(V25-VLOOKUP(T25,'SFFL Main Page'!$B$4:$L$20,9,FALSE),"") -> -3.6896552 | X25: =IFERROR(COUNTIFS(managers,'Owner View'!T25,opponent,'Owner View'!U25,outcome,"W"),"") -> 2 | Y25: =IFERROR(AVERAGEIFS(points,managers,'Owner View'!T25,opponent,'Owner View'!U25,outcome,"L"),"") -> 70 | Z25: =IFERROR(Y25-VLOOKUP(T25,'SFFL Main Page'!$B$4:$L$20,10,FALSE),"") -> -11.585366 | AA25: =IFERROR(COUNTIFS(managers,'Owner View'!T25,opponent,'Owner View'!U25,outcome,"L"),"") -> 3 | AB25: =IFERROR(((V25*X25)+(Y25*AA25))/SUM(X25,AA25),"") -> 84 | AC25: =IFERROR(AB25-VLOOKUP(T25,'SFFL Main Page'!$B$4:$L$20,8,FALSE),"") -> -8.8142857 | AD25: =IFERROR(AVERAGEIFS(points,managers,'Owner View'!U25,opponent,'Owner View'!T25,outcome,"W"),"") -> 101.66667 | AE25: =IFERROR(AD25-VLOOKUP(U25,'SFFL Main Page'!$B$4:$L$20,9,FALSE),"") -> 0.59607843 | AF25: =IFERROR(COUNTIFS(managers,'Owner View'!U25,opponent,'Owner View'!T25,outcome,"W"),"") -> 3 | AG25: =IFERROR(AVERAGEIFS(points,managers,'Owner View'!U25,opponent,'Owner View'!T25,outcome,"L"),"") -> 103.5 | AH25: =IFERROR(AG25-VLOOKUP(U25,'SFFL Main Page'!$B$4:$L$20,10,FALSE),"") -> 25.375 | AI25: =IFERROR(COUNTIFS(managers,'Owner View'!U25,opponent,'Owner View'!T25,outcome,"L"),"") -> 2 | AJ25: =IFERROR(((AD25*AF25)+(AG25*AI25))/SUM(AF25,AI25),"") -> 102.4 | AK25: =IFERROR(AJ25-VLOOKUP(U25,'SFFL Main Page'!$B$4:$L$20,8,FALSE),"") -> 12.997701 | AL25: =IFERROR(AC25-AK25,"") -> -21.811987
S26: 21 | T26: Arnold | U26: Emily | V26: =IFERROR(AVERAGEIFS(points,managers,'Owner View'!T26,opponent,'Owner View'!U26,outcome,"W"),"") -> 101.66667 | W26: =IFERROR(V26-VLOOKUP(T26,'SFFL Main Page'!$B$4:$L$20,9,FALSE),"") -> -7.0229885 | X26: =IFERROR(COUNTIFS(managers,'Owner View'!T26,opponent,'Owner View'!U26,outcome,"W"),"") -> 3 | Y26: =IFERROR(AVERAGEIFS(points,managers,'Owner View'!T26,opponent,'Owner View'!U26,outcome,"L"),"") -> 75 | Z26: =IFERROR(Y26-VLOOKUP(T26,'SFFL Main Page'!$B$4:$L$20,10,FALSE),"") -> -6.5853659 | AA26: =IFERROR(COUNTIFS(managers,'Owner View'!T26,opponent,'Owner View'!U26,outcome,"L"),"") -> 3 | AB26: =IFERROR(((V26*X26)+(Y26*AA26))/SUM(X26,AA26),"") -> 88.333333 | AC26: =IFERROR(AB26-VLOOKUP(T26,'SFFL Main Page'!$B$4:$L$20,8,FALSE),"") -> -4.4809524 | AD26: =IFERROR(AVERAGEIFS(points,managers,'Owner View'!U26,opponent,'Owner View'!T26,outcome,"W"),"") -> 94 | AE26: =IFERROR(AD26-VLOOKUP(U26,'SFFL Main Page'!$B$4:$L$20,9,FALSE),"") -> -6.8271605 | AF26: =IFERROR(COUNTIFS(managers,'Owner View'!U26,opponent,'Owner View'!T26,outcome,"W"),"") -> 3 | AG26: =IFERROR(AVERAGEIFS(points,managers,'Owner View'!U26,opponent,'Owner View'!T26,outcome,"L"),"") -> 81.333333 | AH26: =IFERROR(AG26-VLOOKUP(U26,'SFFL Main Page'!$B$4:$L$20,10,FALSE),"") -> 5.9637681 | AI26: =IFERROR(COUNTIFS(managers,'Owner View'!U26,opponent,'Owner View'!T26,outcome,"L"),"") -> 3 | AJ26: =IFERROR(((AD26*AF26)+(AG26*AI26))/SUM(AF26,AI26),"") -> 87.666667 | AK26: =IFERROR(AJ26-VLOOKUP(U26,'SFFL Main Page'!$B$4:$L$20,8,FALSE),"") -> 0.42528736 | AL26: =IFERROR(AC26-AK26,"") -> -4.9062397
A27: =MAX(A6:A20) -> 14 | B27: Worst Against | C27: 1 | D27: {=_xlfn.TEXTJOIN(",",TRUE,IF((A27)=$A$6:$A$20,$B$6:$B$20,""))} -> Brian | S27: 22 | T27: Arnold | U27: Grayson | V27: =IFERROR(AVERAGEIFS(points,managers,'Owner View'!T27,opponent,'Owner View'!U27,outcome,"W"),"") -> 100.33333 | W27: =IFERROR(V27-VLOOKUP(T27,'SFFL Main Page'!$B$4:$L$20,9,FALSE),"") -> -8.3563218 | X27: =IFERROR(COUNTIFS(managers,'Owner View'!T27,opponent,'Owner View'!U27,outcome,"W"),"") -> 3 | Y27: =IFERROR(AVERAGEIFS(points,managers,'Owner View'!T27,opponent,'Owner View'!U27,outcome,"L"),"") | Z27: =IFERROR(Y27-VLOOKUP(T27,'SFFL Main Page'!$B$4:$L$20,10,FALSE),"") | AA27: =IFERROR(COUNTIFS(managers,'Owner View'!T27,opponent,'Owner View'!U27,outcome,"L"),"") -> 0 | AB27: =IFERROR(((V27*X27)+(Y27*AA27))/SUM(X27,AA27),"") | AC27: =IFERROR(AB27-VLOOKUP(T27,'SFFL Main Page'!$B$4:$L$20,8,FALSE),"") | AD27: =IFERROR(AVERAGEIFS(points,managers,'Owner View'!U27,opponent,'Owner View'!T27,outcome,"W"),"") | AE27: =IFERROR(AD27-VLOOKUP(U27,'SFFL Main Page'!$B$4:$L$20,9,FALSE),"") | AF27: =IFERROR(COUNTIFS(managers,'Owner View'!U27,opponent,'Owner View'!T27,outcome,"W"),"") -> 0 | AG27: =IFERROR(AVERAGEIFS(points,managers,'Owner View'!U27,opponent,'Owner View'!T27,outcome,"L"),"") -> 77.333333 | AH27: =IFERROR(AG27-VLOOKUP(U27,'SFFL Main Page'!$B$4:$L$20,10,FALSE),"") -> -15.824561 | AI27: =IFERROR(COUNTIFS(managers,'Owner View'!U27,opponent,'Owner View'!T27,outcome,"L"),"") -> 3 | AJ27: =IFERROR(((AD27*AF27)+(AG27*AI27))/SUM(AF27,AI27),"") | AK27: =IFERROR(AJ27-VLOOKUP(U27,'SFFL Main Page'!$B$4:$L$20,8,FALSE),"") | AL27: =IFERROR(AC27-AK27,"")
A28: =MAX(A6:A20)-1 -> 13 | C28: 2 | D28: {=_xlfn.TEXTJOIN(",",TRUE,IF((A28)=$A$6:$A$20,$B$6:$B$20,""))} -> Brent | S28: 23 | T28: Arnold | U28: Jordan | V28: =IFERROR(AVERAGEIFS(points,managers,'Owner View'!T28,opponent,'Owner View'!U28,outcome,"W"),"") -> 117.5 | W28: =IFERROR(V28-VLOOKUP(T28,'SFFL Main Page'!$B$4:$L$20,9,FALSE),"") -> 8.8103448 | X28: =IFERROR(COUNTIFS(managers,'Owner View'!T28,opponent,'Owner View'!U28,outcome,"W"),"") -> 2 | Y28: =IFERROR(AVERAGEIFS(points,managers,'Owner View'!T28,opponent,'Owner View'!U28,outcome,"L"),"") | Z28: =IFERROR(Y28-VLOOKUP(T28,'SFFL Main Page'!$B$4:$L$20,10,FALSE),"") | AA28: =IFERROR(COUNTIFS(managers,'Owner View'!T28,opponent,'Owner View'!U28,outcome,"L"),"") -> 0 | AB28: =IFERROR(((V28*X28)+(Y28*AA28))/SUM(X28,AA28),"") | AC28: =IFERROR(AB28-VLOOKUP(T28,'SFFL Main Page'!$B$4:$L$20,8,FALSE),"") | AD28: =IFERROR(AVERAGEIFS(points,managers,'Owner View'!U28,opponent,'Owner View'!T28,outcome,"W"),"") | AE28: =IFERROR(AD28-VLOOKUP(U28,'SFFL Main Page'!$B$4:$L$20,9,FALSE),"") | AF28: =IFERROR(COUNTIFS(managers,'Owner View'!U28,opponent,'Owner View'!T28,outcome,"W"),"") -> 0 | AG28: =IFERROR(AVERAGEIFS(points,managers,'Owner View'!U28,opponent,'Owner View'!T28,outcome,"L"),"") -> 101.5 | AH28: =IFERROR(AG28-VLOOKUP(U28,'SFFL Main Page'!$B$4:$L$20,10,FALSE),"") -> 3.9705882 | AI28: =IFERROR(COUNTIFS(managers,'Owner View'!U28,opponent,'Owner View'!T28,outcome,"L"),"") -> 2 | AJ28: =IFERROR(((AD28*AF28)+(AG28*AI28))/SUM(AF28,AI28),"") | AK28: =IFERROR(AJ28-VLOOKUP(U28,'SFFL Main Page'!$B$4:$L$20,8,FALSE),"") | AL28: =IFERROR(AC28-AK28,"")
A29: =MAX(A6:A20)-2 -> 12 | C29: 3 | D29: {=_xlfn.TEXTJOIN(",",TRUE,IF((A29)=$A$6:$A$20,$B$6:$B$20,""))} -> Charles | S29: 24 | T29: Arnold | U29: Mark | V29: =IFERROR(AVERAGEIFS(points,managers,'Owner View'!T29,opponent,'Owner View'!U29,outcome,"W"),"") -> 115.33333 | W29: =IFERROR(V29-VLOOKUP(T29,'SFFL Main Page'!$B$4:$L$20,9,FALSE),"") -> 6.6436782 | X29: =IFERROR(COUNTIFS(managers,'Owner View'!T29,opponent,'Owner View'!U29,outcome,"W"),"") -> 3 | Y29: =IFERROR(AVERAGEIFS(points,managers,'Owner View'!T29,opponent,'Owner View'!U29,outcome,"L"),"") -> 79.333333 | Z29: =IFERROR(Y29-VLOOKUP(T29,'SFFL Main Page'!$B$4:$L$20,10,FALSE),"") -> -2.2520325 | AA29: =IFERROR(COUNTIFS(managers,'Owner View'!T29,opponent,'Owner View'!U29,outcome,"L"),"") -> 6 | AB29: =IFERROR(((V29*X29)+(Y29*AA29))/SUM(X29,AA29),"") -> 91.333333 | AC29: =IFERROR(AB29-VLOOKUP(T29,'SFFL Main Page'!$B$4:$L$20,8,FALSE),"") -> -1.4809524 | AD29: =IFERROR(AVERAGEIFS(points,managers,'Owner View'!U29,opponent,'Owner View'!T29,outcome,"W"),"") -> 112.66667 | AE29: =IFERROR(AD29-VLOOKUP(U29,'SFFL Main Page'!$B$4:$L$20,9,FALSE),"") -> 10.286385 | AF29: =IFERROR(COUNTIFS(managers,'Owner View'!U29,opponent,'Owner View'!T29,outcome,"W"),"") -> 6 | AG29: =IFERROR(AVERAGEIFS(points,managers,'Owner View'!U29,opponent,'Owner View'!T29,outcome,"L"),"") -> 83.333333 | AH29: =IFERROR(AG29-VLOOKUP(U29,'SFFL Main Page'!$B$4:$L$20,10,FALSE),"") -> 3.3823529 | AI29: =IFERROR(COUNTIFS(managers,'Owner View'!U29,opponent,'Owner View'!T29,outcome,"L"),"") -> 3 | AJ29: =IFERROR(((AD29*AF29)+(AG29*AI29))/SUM(AF29,AI29),"") -> 102.88889 | AK29: =IFERROR(AJ29-VLOOKUP(U29,'SFFL Main Page'!$B$4:$L$20,8,FALSE),"") -> 13.727969 | AL29: =IFERROR(AC29-AK29,"") -> -15.208922
S30: 25 | T30: Arnold | U30: Matt | V30: =IFERROR(AVERAGEIFS(points,managers,'Owner View'!T30,opponent,'Owner View'!U30,outcome,"W"),"") -> 116.75 | W30: =IFERROR(V30-VLOOKUP(T30,'SFFL Main Page'!$B$4:$L$20,9,FALSE),"") -> 8.0603448 | X30: =IFERROR(COUNTIFS(managers,'Owner View'!T30,opponent,'Owner View'!U30,outcome,"W"),"") -> 4 | Y30: =IFERROR(AVERAGEIFS(points,managers,'Owner View'!T30,opponent,'Owner View'!U30,outcome,"L"),"") -> 73 | Z30: =IFERROR(Y30-VLOOKUP(T30,'SFFL Main Page'!$B$4:$L$20,10,FALSE),"") -> -8.5853659 | AA30: =IFERROR(COUNTIFS(managers,'Owner View'!T30,opponent,'Owner View'!U30,outcome,"L"),"") -> 1 | AB30: =IFERROR(((V30*X30)+(Y30*AA30))/SUM(X30,AA30),"") -> 108 | AC30: =IFERROR(AB30-VLOOKUP(T30,'SFFL Main Page'!$B$4:$L$20,8,FALSE),"") -> 15.185714 | AD30: =IFERROR(AVERAGEIFS(points,managers,'Owner View'!U30,opponent,'Owner View'!T30,outcome,"W"),"") -> 81 | AE30: =IFERROR(AD30-VLOOKUP(U30,'SFFL Main Page'!$B$4:$L$20,9,FALSE),"") -> -21.9 | AF30: =IFERROR(COUNTIFS(managers,'Owner View'!U30,opponent,'Owner View'!T30,outcome,"W"),"") -> 1 | AG30: =IFERROR(AVERAGEIFS(points,managers,'Owner View'!U30,opponent,'Owner View'!T30,outcome,"L"),"") -> 88.75 | AH30: =IFERROR(AG30-VLOOKUP(U30,'SFFL Main Page'!$B$4:$L$20,10,FALSE),"") -> 6.8145161 | AI30: =IFERROR(COUNTIFS(managers,'Owner View'!U30,opponent,'Owner View'!T30,outcome,"L"),"") -> 4 | AJ30: =IFERROR(((AD30*AF30)+(AG30*AI30))/SUM(AF30,AI30),"") -> 87.2 | AK30: =IFERROR(AJ30-VLOOKUP(U30,'SFFL Main Page'!$B$4:$L$20,8,FALSE),"") -> -4.3689655 | AL30: =IFERROR(AC30-AK30,"") -> 19.55468
S31: 26 | T31: Arnold | U31: Michael | V31: =IFERROR(AVERAGEIFS(points,managers,'Owner View'!T31,opponent,'Owner View'!U31,outcome,"W"),"") -> 126 | W31: =IFERROR(V31-VLOOKUP(T31,'SFFL Main Page'!$B$4:$L$20,9,FALSE),"") -> 17.310345 | X31: =IFERROR(COUNTIFS(managers,'Owner View'!T31,opponent,'Owner View'!U31,outcome,"W"),"") -> 1 | Y31: =IFERROR(AVERAGEIFS(points,managers,'Owner View'!T31,opponent,'Owner View'!U31,outcome,"L"),"") -> 91.5 | Z31: =IFERROR(Y31-VLOOKUP(T31,'SFFL Main Page'!$B$4:$L$20,10,FALSE),"") -> 9.9146341 | AA31: =IFERROR(COUNTIFS(managers,'Owner View'!T31,opponent,'Owner View'!U31,outcome,"L"),"") -> 6 | AB31: =IFERROR(((V31*X31)+(Y31*AA31))/SUM(X31,AA31),"") -> 96.428571 | AC31: =IFERROR(AB31-VLOOKUP(T31,'SFFL Main Page'!$B$4:$L$20,8,FALSE),"") -> 3.6142857 | AD31: =IFERROR(AVERAGEIFS(points,managers,'Owner View'!U31,opponent,'Owner View'!T31,outcome,"W"),"") -> 119 | AE31: =IFERROR(AD31-VLOOKUP(U31,'SFFL Main Page'!$B$4:$L$20,9,FALSE),"") -> 16.074468 | AF31: =IFERROR(COUNTIFS(managers,'Owner View'!U31,opponent,'Owner View'!T31,outcome,"W"),"") -> 6 | AG31: =IFERROR(AVERAGEIFS(points,managers,'Owner View'!U31,opponent,'Owner View'!T31,outcome,"L"),"") -> 110 | AH31: =IFERROR(AG31-VLOOKUP(U31,'SFFL Main Page'!$B$4:$L$20,10,FALSE),"") -> 29.367089 | AI31: =IFERROR(COUNTIFS(managers,'Owner View'!U31,opponent,'Owner View'!T31,outcome,"L"),"") -> 1 | AJ31: =IFERROR(((AD31*AF31)+(AG31*AI31))/SUM(AF31,AI31),"") -> 117.71429 | AK31: =IFERROR(AJ31-VLOOKUP(U31,'SFFL Main Page'!$B$4:$L$20,8,FALSE),"") -> 24.875205 | AL31: =IFERROR(AC31-AK31,"") -> -21.26092
B32: Pts Scored | C32: You vs Them | I32: Them vs You | S32: 27 | T32: Arnold | U32: Russell | V32: =IFERROR(AVERAGEIFS(points,managers,'Owner View'!T32,opponent,'Owner View'!U32,outcome,"W"),"") -> 107 | W32: =IFERROR(V32-VLOOKUP(T32,'SFFL Main Page'!$B$4:$L$20,9,FALSE),"") -> -1.6896552 | X32: =IFERROR(COUNTIFS(managers,'Owner View'!T32,opponent,'Owner View'!U32,outcome,"W"),"") -> 3 | Y32: =IFERROR(AVERAGEIFS(points,managers,'Owner View'!T32,opponent,'Owner View'!U32,outcome,"L"),"") -> 86.5 | Z32: =IFERROR(Y32-VLOOKUP(T32,'SFFL Main Page'!$B$4:$L$20,10,FALSE),"") -> 4.9146341 | AA32: =IFERROR(COUNTIFS(managers,'Owner View'!T32,opponent,'Owner View'!U32,outcome,"L"),"") -> 2 | AB32: =IFERROR(((V32*X32)+(Y32*AA32))/SUM(X32,AA32),"") -> 98.8 | AC32: =IFERROR(AB32-VLOOKUP(T32,'SFFL Main Page'!$B$4:$L$20,8,FALSE),"") -> 5.9857143 | AD32: =IFERROR(AVERAGEIFS(points,managers,'Owner View'!U32,opponent,'Owner View'!T32,outcome,"W"),"") -> 116.5 | AE32: =IFERROR(AD32-VLOOKUP(U32,'SFFL Main Page'!$B$4:$L$20,9,FALSE),"") -> 10.166667 | AF32: =IFERROR(COUNTIFS(managers,'Owner View'!U32,opponent,'Owner View'!T32,outcome,"W"),"") -> 2 | AG32: =IFERROR(AVERAGEIFS(points,managers,'Owner View'!U32,opponent,'Owner View'!T32,outcome,"L"),"") -> 82.666667 | AH32: =IFERROR(AG32-VLOOKUP(U32,'SFFL Main Page'!$B$4:$L$20,10,FALSE),"") -> 1.7520325 | AI32: =IFERROR(COUNTIFS(managers,'Owner View'!U32,opponent,'Owner View'!T32,outcome,"L"),"") -> 3 | AJ32: =IFERROR(((AD32*AF32)+(AG32*AI32))/SUM(AF32,AI32),"") -> 96.2 | AK32: =IFERROR(AJ32-VLOOKUP(U32,'SFFL Main Page'!$B$4:$L$20,8,FALSE),"") -> 1.9758621 | AL32: =IFERROR(AC32-AK32,"") -> 4.0098522
B33: Opponent | C33: Wins | E33: Losses | G33: Overall | I33: Wins | K33: Losses | M33: Overall | O33: Total | S33: 28 | T33: Arnold | U33: Watty | V33: =IFERROR(AVERAGEIFS(points,managers,'Owner View'!T33,opponent,'Owner View'!U33,outcome,"W"),"") -> 101 | W33: =IFERROR(V33-VLOOKUP(T33,'SFFL Main Page'!$B$4:$L$20,9,FALSE),"") -> -7.6896552 | X33: =IFERROR(COUNTIFS(managers,'Owner View'!T33,opponent,'Owner View'!U33,outcome,"W"),"") -> 3 | Y33: =IFERROR(AVERAGEIFS(points,managers,'Owner View'!T33,opponent,'Owner View'!U33,outcome,"L"),"") -> 64.666667 | Z33: =IFERROR(Y33-VLOOKUP(T33,'SFFL Main Page'!$B$4:$L$20,10,FALSE),"") -> -16.918699 | AA33: =IFERROR(COUNTIFS(managers,'Owner View'!T33,opponent,'Owner View'!U33,outcome,"L"),"") -> 3 | AB33: =IFERROR(((V33*X33)+(Y33*AA33))/SUM(X33,AA33),"") -> 82.833333 | AC33: =IFERROR(AB33-VLOOKUP(T33,'SFFL Main Page'!$B$4:$L$20,8,FALSE),"") -> -9.9809524 | AD33: =IFERROR(AVERAGEIFS(points,managers,'Owner View'!U33,opponent,'Owner View'!T33,outcome,"W"),"") -> 101.33333 | AE33: =IFERROR(AD33-VLOOKUP(U33,'SFFL Main Page'!$B$4:$L$20,9,FALSE),"") -> -3.4257028 | AF33: =IFERROR(COUNTIFS(managers,'Owner View'!U33,opponent,'Owner View'!T33,outcome,"W"),"") -> 3 | AG33: =IFERROR(AVERAGEIFS(points,managers,'Owner View'!U33,opponent,'Owner View'!T33,outcome,"L"),"") -> 92.666667 | AH33: =IFERROR(AG33-VLOOKUP(U33,'SFFL Main Page'!$B$4:$L$20,10,FALSE),"") -> 16.106227 | AI33: =IFERROR(COUNTIFS(managers,'Owner View'!U33,opponent,'Owner View'!T33,outcome,"L"),"") -> 3 | AJ33: =IFERROR(((AD33*AF33)+(AG33*AI33))/SUM(AF33,AI33),"") -> 97 | AK33: =IFERROR(AJ33-VLOOKUP(U33,'SFFL Main Page'!$B$4:$L$20,8,FALSE),"") -> 6.9885057 | AL33: =IFERROR(AC33-AK33,"") -> -16.969458
B34: Abby | C34: =IFERROR(AVERAGEIFS(points,managers,'Owner View'!$C$2,opponent,'Owner View'!B34,outcome,"W"),"") -> 101.85714 | D34: =IFERROR(C34-$C$47,"") -> -1.0683891 | E34: =IFERROR(AVERAGEIFS(points,managers,'Owner View'!$C$2,opponent,'Owner View'!B34,outcome,"L"),"") -> 68.75 | F34: =IFERROR(E34-$E$47,"") -> -11.882911 | G34: =IFERROR(((C34*C6)+(E34*D6))/SUM(C6:D6),"") -> 89.818182 | H34: =IFERROR(G34-$G$47,"") -> -3.0208986 | I34: =IFERROR(AVERAGEIFS(points,managers,'Owner View'!B34,opponent,'Owner View'!$C$2,outcome,"W"),"") -> 107.75 | J34: =IFERROR(I34-'SFFL Main Page'!J5,"") -> 12.260638 | K34: =IFERROR(AVERAGEIFS(points,managers,'Owner View'!B34,opponent,'Owner View'!$C$2,outcome,"L"),"") -> 72.714286 | L34: =IFERROR(K34-'SFFL Main Page'!K5,"") -> 2.7493734 | M34: =IFERROR(((I34*D6)+(K34*C6))/SUM(C6:D6),"") -> 85.454545 | N34: =IFERROR(M34-'SFFL Main Page'!I5,"") -> 3.9545455 | O34: =IFERROR(H34-N34,"") -> -6.9754441 | S34: 29 | T34: BR | U34: Abby | V34: =IFERROR(AVERAGEIFS(points,managers,'Owner View'!T34,opponent,'Owner View'!U34,outcome,"W"),"") -> 93.333333 | W34: =IFERROR(V34-VLOOKUP(T34,'SFFL Main Page'!$B$4:$L$20,9,FALSE),"") -> -8.4367816 | X34: =IFERROR(COUNTIFS(managers,'Owner View'!T34,opponent,'Owner View'!U34,outcome,"W"),"") -> 6 | Y34: =IFERROR(AVERAGEIFS(points,managers,'Owner View'!T34,opponent,'Owner View'!U34,outcome,"L"),"") -> 68.333333 | Z34: =IFERROR(Y34-VLOOKUP(T34,'SFFL Main Page'!$B$4:$L$20,10,FALSE),"") -> -9.6071429 | AA34: =IFERROR(COUNTIFS(managers,'Owner View'!T34,opponent,'Owner View'!U34,outcome,"L"),"") -> 3 | AB34: =IFERROR(((V34*X34)+(Y34*AA34))/SUM(X34,AA34),"") -> 85 | AC34: =IFERROR(AB34-VLOOKUP(T34,'SFFL Main Page'!$B$4:$L$20,8,FALSE),"") -> -4.9885057 | AD34: =IFERROR(AVERAGEIFS(points,managers,'Owner View'!U34,opponent,'Owner View'!T34,outcome,"W"),"") -> 111 | AE34: =IFERROR(AD34-VLOOKUP(U34,'SFFL Main Page'!$B$4:$L$20,9,FALSE),"") -> 15.510638 | AF34: =IFERROR(COUNTIFS(managers,'Owner View'!U34,opponent,'Owner View'!T34,outcome,"W"),"") -> 3 | AG34: =IFERROR(AVERAGEIFS(points,managers,'Owner View'!U34,opponent,'Owner View'!T34,outcome,"L"),"") -> 68.666667 | AH34: =IFERROR(AG34-VLOOKUP(U34,'SFFL Main Page'!$B$4:$L$20,10,FALSE),"") -> -1.2982456 | AI34: =IFERROR(COUNTIFS(managers,'Owner View'!U34,opponent,'Owner View'!T34,outcome,"L"),"") -> 6 | AJ34: =IFERROR(((AD34*AF34)+(AG34*AI34))/SUM(AF34,AI34),"") -> 82.777778 | AK34: =IFERROR(AJ34-VLOOKUP(U34,'SFFL Main Page'!$B$4:$L$20,8,FALSE),"") -> 1.2777778 | AL34: =IFERROR(AC34-AK34,"") -> -6.2662835
B35: Arnold | C35: =IFERROR(AVERAGEIFS(points,managers,'Owner View'!$C$2,opponent,'Owner View'!B35,outcome,"W"),"") -> 119 | D35: =IFERROR(C35-$C$47,"") -> 16.074468 | E35: =IFERROR(AVERAGEIFS(points,managers,'Owner View'!$C$2,opponent,'Owner View'!B35,outcome,"L"),"") -> 110 | F35: =IFERROR(E35-$E$47,"") -> 29.367089 | G35: =IFERROR(((C35*C7)+(E35*D7))/SUM(C7:D7),"") -> 117.71429 | H35: =IFERROR(G35-$G$47,"") -> 24.875205 | I35: =IFERROR(AVERAGEIFS(points,managers,'Owner View'!B35,opponent,'Owner View'!$C$2,outcome,"W"),"") -> 126 | J35: =IFERROR(I35-'SFFL Main Page'!J6,"") -> 17.310345 | K35: =IFERROR(AVERAGEIFS(points,managers,'Owner View'!B35,opponent,'Owner View'!$C$2,outcome,"L"),"") -> 91.5 | L35: =IFERROR(K35-'SFFL Main Page'!K6,"") -> 9.9146341 | M35: =IFERROR(((I35*D7)+(K35*C7))/SUM(C7:D7),"") -> 96.428571 | N35: =IFERROR(M35-'SFFL Main Page'!I6,"") -> 3.6142857 | O35: =IFERROR(H35-N35,"") -> 21.26092 | S35: 30 | T35: BR | U35: Arnold | V35: =IFERROR(AVERAGEIFS(points,managers,'Owner View'!T35,opponent,'Owner View'!U35,outcome,"W"),"") -> 100 | W35: =IFERROR(V35-VLOOKUP(T35,'SFFL Main Page'!$B$4:$L$20,9,FALSE),"") -> -1.7701149 | X35: =IFERROR(COUNTIFS(managers,'Owner View'!T35,opponent,'Owner View'!U35,outcome,"W"),"") -> 4 | Y35: =IFERROR(AVERAGEIFS(points,managers,'Owner View'!T35,opponent,'Owner View'!U35,outcome,"L"),"") -> 86 | Z35: =IFERROR(Y35-VLOOKUP(T35,'SFFL Main Page'!$B$4:$L$20,10,FALSE),"") -> 8.0595238 | AA35: =IFERROR(COUNTIFS(managers,'Owner View'!T35,opponent,'Owner View'!U35,outcome,"L"),"") -> 1 | AB35: =IFERROR(((V35*X35)+(Y35*AA35))/SUM(X35,AA35),"") -> 97.2 | AC35: =IFERROR(AB35-VLOOKUP(T35,'SFFL Main Page'!$B$4:$L$20,8,FALSE),"") -> 7.2114943 | AD35: =IFERROR(AVERAGEIFS(points,managers,'Owner View'!U35,opponent,'Owner View'!T35,outcome,"W"),"") -> 111 | AE35: =IFERROR(AD35-VLOOKUP(U35,'SFFL Main Page'!$B$4:$L$20,9,FALSE),"") -> 2.3103448 | AF35: =IFERROR(COUNTIFS(managers,'Owner View'!U35,opponent,'Owner View'!T35,outcome,"W"),"") -> 1 | AG35: =IFERROR(AVERAGEIFS(points,managers,'Owner View'!U35,opponent,'Owner View'!T35,outcome,"L"),"") -> 79.25 | AH35: =IFERROR(AG35-VLOOKUP(U35,'SFFL Main Page'!$B$4:$L$20,10,FALSE),"") -> -2.3353659 | AI35: =IFERROR(COUNTIFS(managers,'Owner View'!U35,opponent,'Owner View'!T35,outcome,"L"),"") -> 4 | AJ35: =IFERROR(((AD35*AF35)+(AG35*AI35))/SUM(AF35,AI35),"") -> 85.6 | AK35: =IFERROR(AJ35-VLOOKUP(U35,'SFFL Main Page'!$B$4:$L$20,8,FALSE),"") -> -7.2142857 | AL35: =IFERROR(AC35-AK35,"") -> 14.42578
B36: BR | C36: =IFERROR(AVERAGEIFS(points,managers,'Owner View'!$C$2,opponent,'Owner View'!B36,outcome,"W"),"") -> 98.142857 | D36: =IFERROR(C36-$C$47,"") -> -4.7826748 | E36: =IFERROR(AVERAGEIFS(points,managers,'Owner View'!$C$2,opponent,'Owner View'!B36,outcome,"L"),"") -> 86 | F36: =IFERROR(E36-$E$47,"") -> 5.3670886 | G36: =IFERROR(((C36*C8)+(E36*D8))/SUM(C8:D8),"") -> 91.3125 | H36: =IFERROR(G36-$G$47,"") -> -1.5265805 | I36: =IFERROR(AVERAGEIFS(points,managers,'Owner View'!B36,opponent,'Owner View'!$C$2,outcome,"W"),"") -> 111.11111 | J36: =IFERROR(I36-'SFFL Main Page'!J7,"") -> 9.3409962 | K36: =IFERROR(AVERAGEIFS(points,managers,'Owner View'!B36,opponent,'Owner View'!$C$2,outcome,"L"),"") -> 80 | L36: =IFERROR(K36-'SFFL Main Page'!K7,"") -> 2.0595238 | M36: =IFERROR(((I36*D8)+(K36*C8))/SUM(C8:D8),"") -> 97.5 | N36: =IFERROR(M36-'SFFL Main Page'!I7,"") -> 7.5114943 | O36: =IFERROR(H36-N36,"") -> -9.0380747 | S36: 31 | T36: BR | U36: Brent | V36: =IFERROR(AVERAGEIFS(points,managers,'Owner View'!T36,opponent,'Owner View'!U36,outcome,"W"),"") -> 100.8 | W36: =IFERROR(V36-VLOOKUP(T36,'SFFL Main Page'!$B$4:$L$20,9,FALSE),"") -> -0.97011494 | X36: =IFERROR(COUNTIFS(managers,'Owner View'!T36,opponent,'Owner View'!U36,outcome,"W"),"") -> 5 | Y36: =IFERROR(AVERAGEIFS(points,managers,'Owner View'!T36,opponent,'Owner View'!U36,outcome,"L"),"") -> 79.888889 | Z36: =IFERROR(Y36-VLOOKUP(T36,'SFFL Main Page'!$B$4:$L$20,10,FALSE),"") -> 1.9484127 | AA36: =IFERROR(COUNTIFS(managers,'Owner View'!T36,opponent,'Owner View'!U36,outcome,"L"),"") -> 9 | AB36: =IFERROR(((V36*X36)+(Y36*AA36))/SUM(X36,AA36),"") -> 87.357143 | AC36: =IFERROR(AB36-VLOOKUP(T36,'SFFL Main Page'!$B$4:$L$20,8,FALSE),"") -> -2.6313629 | AD36: =IFERROR(AVERAGEIFS(points,managers,'Owner View'!U36,opponent,'Owner View'!T36,outcome,"W"),"") -> 100.88889 | AE36: =IFERROR(AD36-VLOOKUP(U36,'SFFL Main Page'!$B$4:$L$20,9,FALSE),"") -> -4.4690058 | AF36: =IFERROR(COUNTIFS(managers,'Owner View'!U36,opponent,'Owner View'!T36,outcome,"W"),"") -> 9 | AG36: =IFERROR(AVERAGEIFS(points,managers,'Owner View'!U36,opponent,'Owner View'!T36,outcome,"L"),"") -> 92.2 | AH36: =IFERROR(AG36-VLOOKUP(U36,'SFFL Main Page'!$B$4:$L$20,10,FALSE),"") -> 8.6230769 | AI36: =IFERROR(COUNTIFS(managers,'Owner View'!U36,opponent,'Owner View'!T36,outcome,"L"),"") -> 5 | AJ36: =IFERROR(((AD36*AF36)+(AG36*AI36))/SUM(AF36,AI36),"") -> 97.785714 | AK36: =IFERROR(AJ36-VLOOKUP(U36,'SFFL Main Page'!$B$4:$L$20,8,FALSE),"") -> 0.22490347 | AL36: =IFERROR(AC36-AK36,"") -> -2.8562664
B37: Brent | C37: =IFERROR(AVERAGEIFS(points,managers,'Owner View'!$C$2,opponent,'Owner View'!B37,outcome,"W"),"") -> 109.5 | D37: =IFERROR(C37-$C$47,"") -> 6.5744681 | E37: =IFERROR(AVERAGEIFS(points,managers,'Owner View'!$C$2,opponent,'Owner View'!B37,outcome,"L"),"") -> 80.857143 | F37: =IFERROR(E37-$E$47,"") -> 0.22423146 | G37: =IFERROR(((C37*C9)+(E37*D9))/SUM(C9:D9),"") -> 91.272727 | H37: =IFERROR(G37-$G$47,"") -> -1.5663532 | I37: =IFERROR(AVERAGEIFS(points,managers,'Owner View'!B37,opponent,'Owner View'!$C$2,outcome,"W"),"") -> 111.71429 | J37: =IFERROR(I37-'SFFL Main Page'!J8,"") -> 6.356391 | K37: =IFERROR(AVERAGEIFS(points,managers,'Owner View'!B37,opponent,'Owner View'!$C$2,outcome,"L"),"") -> 79.5 | L37: =IFERROR(K37-'SFFL Main Page'!K8,"") -> -4.0769231 | M37: =IFERROR(((I37*D9)+(K37*C9))/SUM(C9:D9),"") -> 100 | N37: =IFERROR(M37-'SFFL Main Page'!I8,"") -> 2.4391892 | O37: =IFERROR(H37-N37,"") -> -4.0055424 | S37: 32 | T37: BR | U37: Brian | V37: =IFERROR(AVERAGEIFS(points,managers,'Owner View'!T37,opponent,'Owner View'!U37,outcome,"W"),"") -> 105.85714 | W37: =IFERROR(V37-VLOOKUP(T37,'SFFL Main Page'!$B$4:$L$20,9,FALSE),"") -> 4.0870279 | X37: =IFERROR(COUNTIFS(managers,'Owner View'!T37,opponent,'Owner View'!U37,outcome,"W"),"") -> 7 | Y37: =IFERROR(AVERAGEIFS(points,managers,'Owner View'!T37,opponent,'Owner View'!U37,outcome,"L"),"") -> 72.5 | Z37: =IFERROR(Y37-VLOOKUP(T37,'SFFL Main Page'!$B$4:$L$20,10,FALSE),"") -> -5.4404762 | AA37: =IFERROR(COUNTIFS(managers,'Owner View'!T37,opponent,'Owner View'!U37,outcome,"L"),"") -> 6 | AB37: =IFERROR(((V37*X37)+(Y37*AA37))/SUM(X37,AA37),"") -> 90.461538 | AC37: =IFERROR(AB37-VLOOKUP(T37,'SFFL Main Page'!$B$4:$L$20,8,FALSE),"") -> 0.47303271 | AD37: =IFERROR(AVERAGEIFS(points,managers,'Owner View'!U37,opponent,'Owner View'!T37,outcome,"W"),"") -> 113.5 | AE37: =IFERROR(AD37-VLOOKUP(U37,'SFFL Main Page'!$B$4:$L$20,9,FALSE),"") -> 9.9479167 | AF37: =IFERROR(COUNTIFS(managers,'Owner View'!U37,opponent,'Owner View'!T37,outcome,"W"),"") -> 6 | AG37: =IFERROR(AVERAGEIFS(points,managers,'Owner View'!U37,opponent,'Owner View'!T37,outcome,"L"),"") -> 74.714286 | AH37: =IFERROR(AG37-VLOOKUP(U37,'SFFL Main Page'!$B$4:$L$20,10,FALSE),"") -> -2.8181818 | AI37: =IFERROR(COUNTIFS(managers,'Owner View'!U37,opponent,'Owner View'!T37,outcome,"L"),"") -> 7 | AJ37: =IFERROR(((AD37*AF37)+(AG37*AI37))/SUM(AF37,AI37),"") -> 92.615385 | AK37: =IFERROR(AJ37-VLOOKUP(U37,'SFFL Main Page'!$B$4:$L$20,8,FALSE),"") -> 0.63262599 | AL37: =IFERROR(AC37-AK37,"") -> -0.15959328
B38: Brian | C38: =IFERROR(AVERAGEIFS(points,managers,'Owner View'!$C$2,opponent,'Owner View'!B38,outcome,"W"),"") -> 109.83333 | D38: =IFERROR(C38-$C$47,"") -> 6.9078014 | E38: =IFERROR(AVERAGEIFS(points,managers,'Owner View'!$C$2,opponent,'Owner View'!B38,outcome,"L"),"") -> 81.777778 | F38: =IFERROR(E38-$E$47,"") -> 1.1448664 | G38: =IFERROR(((C38*C10)+(E38*D10))/SUM(C10:D10),"") -> 93 | H38: =IFERROR(G38-$G$47,"") -> 0.16091954 | I38: =IFERROR(AVERAGEIFS(points,managers,'Owner View'!B38,opponent,'Owner View'!$C$2,outcome,"W"),"") -> 92.333333 | J38: =IFERROR(I38-'SFFL Main Page'!J9,"") -> -11.21875 | K38: =IFERROR(AVERAGEIFS(points,managers,'Owner View'!B38,opponent,'Owner View'!$C$2,outcome,"L"),"") -> 76.166667 | L38: =IFERROR(K38-'SFFL Main Page'!K9,"") -> -1.3658009 | M38: =IFERROR(((I38*D10)+(K38*C10))/SUM(C10:D10),"") -> 85.866667 | N38: =IFERROR(M38-'SFFL Main Page'!I9,"") -> -6.116092 | O38: =IFERROR(H38-N38,"") -> 6.2770115 | S38: 33 | T38: BR | U38: Charles | V38: =IFERROR(AVERAGEIFS(points,managers,'Owner View'!T38,opponent,'Owner View'!U38,outcome,"W"),"") -> 92.875 | W38: =IFERROR(V38-VLOOKUP(T38,'SFFL Main Page'!$B$4:$L$20,9,FALSE),"") -> -8.8951149 | X38: =IFERROR(COUNTIFS(managers,'Owner View'!T38,opponent,'Owner View'!U38,outcome,"W"),"") -> 8 | Y38: =IFERROR(AVERAGEIFS(points,managers,'Owner View'!T38,opponent,'Owner View'!U38,outcome,"L"),"") -> 80.555556 | Z38: =IFERROR(Y38-VLOOKUP(T38,'SFFL Main Page'!$B$4:$L$20,10,FALSE),"") -> 2.6150794 | AA38: =IFERROR(COUNTIFS(managers,'Owner View'!T38,opponent,'Owner View'!U38,outcome,"L"),"") -> 9 | AB38: =IFERROR(((V38*X38)+(Y38*AA38))/SUM(X38,AA38),"") -> 86.352941 | AC38: =IFERROR(AB38-VLOOKUP(T38,'SFFL Main Page'!$B$4:$L$20,8,FALSE),"") -> -3.6355646 | AD38: =IFERROR(AVERAGEIFS(points,managers,'Owner View'!U38,opponent,'Owner View'!T38,outcome,"W"),"") -> 104 | AE38: =IFERROR(AD38-VLOOKUP(U38,'SFFL Main Page'!$B$4:$L$20,9,FALSE),"") -> -4.745122 | AF38: =IFERROR(COUNTIFS(managers,'Owner View'!U38,opponent,'Owner View'!T38,outcome,"W"),"") -> 9 | AG38: =IFERROR(AVERAGEIFS(points,managers,'Owner View'!U38,opponent,'Owner View'!T38,outcome,"L"),"") -> 78.625 | AH38: =IFERROR(AG38-VLOOKUP(U38,'SFFL Main Page'!$B$4:$L$20,10,FALSE),"") -> -6.1325758 | AI38: =IFERROR(COUNTIFS(managers,'Owner View'!U38,opponent,'Owner View'!T38,outcome,"L"),"") -> 8 | AJ38: =IFERROR(((AD38*AF38)+(AG38*AI38))/SUM(AF38,AI38),"") -> 92.058824 | AK38: =IFERROR(AJ38-VLOOKUP(U38,'SFFL Main Page'!$B$4:$L$20,8,FALSE),"") -> -5.9891494 | AL38: =IFERROR(AC38-AK38,"") -> 2.3535849
B39: Charles | C39: =IFERROR(AVERAGEIFS(points,managers,'Owner View'!$C$2,opponent,'Owner View'!B39,outcome,"W"),"") -> 112.5 | D39: =IFERROR(C39-$C$47,"") -> 9.5744681 | E39: =IFERROR(AVERAGEIFS(points,managers,'Owner View'!$C$2,opponent,'Owner View'!B39,outcome,"L"),"") -> 70.125 | F39: =IFERROR(E39-$E$47,"") -> -10.507911 | G39: =IFERROR(((C39*C11)+(E39*D11))/SUM(C11:D11),"") -> 88.285714 | H39: =IFERROR(G39-$G$47,"") -> -4.5533662 | I39: =IFERROR(AVERAGEIFS(points,managers,'Owner View'!B39,opponent,'Owner View'!$C$2,outcome,"W"),"") -> 100.875 | J39: =IFERROR(I39-'SFFL Main Page'!J10,"") -> -7.870122 | K39: =IFERROR(AVERAGEIFS(points,managers,'Owner View'!B39,opponent,'Owner View'!$C$2,outcome,"L"),"") -> 90 | L39: =IFERROR(K39-'SFFL Main Page'!K10,"") -> 5.2424242 | M39: =IFERROR(((I39*D11)+(K39*C11))/SUM(C11:D11),"") -> 96.214286 | N39: =IFERROR(M39-'SFFL Main Page'!I10,"") -> -1.8336873 | O39: =IFERROR(H39-N39,"") -> -2.7196789 | S39: 34 | T39: BR | U39: David | V39: =IFERROR(AVERAGEIFS(points,managers,'Owner View'!T39,opponent,'Owner View'!U39,outcome,"W"),"") -> 106.5 | W39: =IFERROR(V39-VLOOKUP(T39,'SFFL Main Page'!$B$4:$L$20,9,FALSE),"") -> 4.7298851 | X39: =IFERROR(COUNTIFS(managers,'Owner View'!T39,opponent,'Owner View'!U39,outcome,"W"),"") -> 6 | Y39: =IFERROR(AVERAGEIFS(points,managers,'Owner View'!T39,opponent,'Owner View'!U39,outcome,"L"),"") -> 84 | Z39: =IFERROR(Y39-VLOOKUP(T39,'SFFL Main Page'!$B$4:$L$20,10,FALSE),"") -> 6.0595238 | AA39: =IFERROR(COUNTIFS(managers,'Owner View'!T39,opponent,'Owner View'!U39,outcome,"L"),"") -> 7 | AB39: =IFERROR(((V39*X39)+(Y39*AA39))/SUM(X39,AA39),"") -> 94.384615 | AC39: =IFERROR(AB39-VLOOKUP(T39,'SFFL Main Page'!$B$4:$L$20,8,FALSE),"") -> 4.3961096 | AD39: =IFERROR(AVERAGEIFS(points,managers,'Owner View'!U39,opponent,'Owner View'!T39,outcome,"W"),"") -> 102.57143 | AE39: =IFERROR(AD39-VLOOKUP(U39,'SFFL Main Page'!$B$4:$L$20,9,FALSE),"") -> 1.5008403 | AF39: =IFERROR(COUNTIFS(managers,'Owner View'!U39,opponent,'Owner View'!T39,outcome,"W"),"") -> 7 | AG39: =IFERROR(AVERAGEIFS(points,managers,'Owner View'!U39,opponent,'Owner View'!T39,outcome,"L"),"") -> 85.833333 | AH39: =IFERROR(AG39-VLOOKUP(U39,'SFFL Main Page'!$B$4:$L$20,10,FALSE),"") -> 7.7083333 | AI39: =IFERROR(COUNTIFS(managers,'Owner View'!U39,opponent,'Owner View'!T39,outcome,"L"),"") -> 6 | AJ39: =IFERROR(((AD39*AF39)+(AG39*AI39))/SUM(AF39,AI39),"") -> 94.846154 | AK39: =IFERROR(AJ39-VLOOKUP(U39,'SFFL Main Page'!$B$4:$L$20,8,FALSE),"") -> 5.443855 | AL39: =IFERROR(AC39-AK39,"") -> -1.0477454
B40: David | C40: =IFERROR(AVERAGEIFS(points,managers,'Owner View'!$C$2,opponent,'Owner View'!B40,outcome,"W"),"") -> 92.166667 | D40: =IFERROR(C40-$C$47,"") -> -10.758865 | E40: =IFERROR(AVERAGEIFS(points,managers,'Owner View'!$C$2,opponent,'Owner View'!B40,outcome,"L"),"") -> 75.25 | F40: =IFERROR(E40-$E$47,"") -> -5.3829114 | G40: =IFERROR(((C40*C12)+(E40*D12))/SUM(C12:D12),"") -> 82.5 | H40: =IFERROR(G40-$G$47,"") -> -10.33908 | I40: =IFERROR(AVERAGEIFS(points,managers,'Owner View'!B40,opponent,'Owner View'!$C$2,outcome,"W"),"") -> 112.875 | J40: =IFERROR(I40-'SFFL Main Page'!J11,"") -> 11.804412 | K40: =IFERROR(AVERAGEIFS(points,managers,'Owner View'!B40,opponent,'Owner View'!$C$2,outcome,"L"),"") -> 73.666667 | L40: =IFERROR(K40-'SFFL Main Page'!K11,"") -> -4.4583333 | M40: =IFERROR(((I40*D12)+(K40*C12))/SUM(C12:D12),"") -> 96.071429 | N40: =IFERROR(M40-'SFFL Main Page'!I11,"") -> 6.6691297 | O40: =IFERROR(H40-N40,"") -> -17.00821 | S40: 35 | T40: BR | U40: Emily | V40: =IFERROR(AVERAGEIFS(points,managers,'Owner View'!T40,opponent,'Owner View'!U40,outcome,"W"),"") -> 97.875 | W40: =IFERROR(V40-VLOOKUP(T40,'SFFL Main Page'!$B$4:$L$20,9,FALSE),"") -> -3.8951149 | X40: =IFERROR(COUNTIFS(managers,'Owner View'!T40,opponent,'Owner View'!U40,outcome,"W"),"") -> 8 | Y40: =IFERROR(AVERAGEIFS(points,managers,'Owner View'!T40,opponent,'Owner View'!U40,outcome,"L"),"") -> 90 | Z40: =IFERROR(Y40-VLOOKUP(T40,'SFFL Main Page'!$B$4:$L$20,10,FALSE),"") -> 12.059524 | AA40: =IFERROR(COUNTIFS(managers,'Owner View'!T40,opponent,'Owner View'!U40,outcome,"L"),"") -> 8 | AB40: =IFERROR(((V40*X40)+(Y40*AA40))/SUM(X40,AA40),"") -> 93.9375 | AC40: =IFERROR(AB40-VLOOKUP(T40,'SFFL Main Page'!$B$4:$L$20,8,FALSE),"") -> 3.9489943 | AD40: =IFERROR(AVERAGEIFS(points,managers,'Owner View'!U40,opponent,'Owner View'!T40,outcome,"W"),"") -> 108.625 | AE40: =IFERROR(AD40-VLOOKUP(U40,'SFFL Main Page'!$B$4:$L$20,9,FALSE),"") -> 7.7978395 | AF40: =IFERROR(COUNTIFS(managers,'Owner View'!U40,opponent,'Owner View'!T40,outcome,"W"),"") -> 8 | AG40: =IFERROR(AVERAGEIFS(points,managers,'Owner View'!U40,opponent,'Owner View'!T40,outcome,"L"),"") -> 72.125 | AH40: =IFERROR(AG40-VLOOKUP(U40,'SFFL Main Page'!$B$4:$L$20,10,FALSE),"") -> -3.2445652 | AI40: =IFERROR(COUNTIFS(managers,'Owner View'!U40,opponent,'Owner View'!T40,outcome,"L"),"") -> 8 | AJ40: =IFERROR(((AD40*AF40)+(AG40*AI40))/SUM(AF40,AI40),"") -> 90.375 | AK40: =IFERROR(AJ40-VLOOKUP(U40,'SFFL Main Page'!$B$4:$L$20,8,FALSE),"") -> 3.1336207 | AL40: =IFERROR(AC40-AK40,"") -> 0.81537356
B41: Emily | C41: =IFERROR(AVERAGEIFS(points,managers,'Owner View'!$C$2,opponent,'Owner View'!B41,outcome,"W"),"") -> 90.2 | D41: =IFERROR(C41-$C$47,"") -> -12.725532 | E41: =IFERROR(AVERAGEIFS(points,managers,'Owner View'!$C$2,opponent,'Owner View'!B41,outcome,"L"),"") -> 81.75 | F41: =IFERROR(E41-$E$47,"") -> 1.1170886 | G41: =IFERROR(((C41*C15)+(E41*D15))/SUM(C15:D15),"") -> 87.785714 | H41: =IFERROR(G41-$G$47,"") -> -5.0533662 | I41: =IFERROR(AVERAGEIFS(points,managers,'Owner View'!B41,opponent,'Owner View'!$C$2,outcome,"W"),"") -> 106.75 | J41: =IFERROR(I41-'SFFL Main Page'!J12,"") -> 5.9228395 | K41: =IFERROR(AVERAGEIFS(points,managers,'Owner View'!B41,opponent,'Owner View'!$C$2,outcome,"L"),"") -> 72.2 | L41: =IFERROR(K41-'SFFL Main Page'!K12,"") -> -3.1695652 | M41: =IFERROR(((I41*D15)+(K41*C15))/SUM(C15:D15),"") -> 82.071429 | N41: =IFERROR(M41-'SFFL Main Page'!I12,"") -> -5.1699507 | O41: =IFERROR(H41-N41,"") -> 0.11658456 | S41: 36 | T41: BR | U41: Grayson | V41: =IFERROR(AVERAGEIFS(points,managers,'Owner View'!T41,opponent,'Owner View'!U41,outcome,"W"),"") | W41: =IFERROR(V41-VLOOKUP(T41,'SFFL Main Page'!$B$4:$L$20,9,FALSE),"") | X41: =IFERROR(COUNTIFS(managers,'Owner View'!T41,opponent,'Owner View'!U41,outcome,"W"),"") -> 0 | Y41: =IFERROR(AVERAGEIFS(points,managers,'Owner View'!T41,opponent,'Owner View'!U41,outcome,"L"),"") -> 57.5 | Z41: =IFERROR(Y41-VLOOKUP(T41,'SFFL Main Page'!$B$4:$L$20,10,FALSE),"") -> -20.440476 | AA41: =IFERROR(COUNTIFS(managers,'Owner View'!T41,opponent,'Owner View'!U41,outcome,"L"),"") -> 2 | AB41: =IFERROR(((V41*X41)+(Y41*AA41))/SUM(X41,AA41),"") | AC41: =IFERROR(AB41-VLOOKUP(T41,'SFFL Main Page'!$B$4:$L$20,8,FALSE),"") | AD41: =IFERROR(AVERAGEIFS(points,managers,'Owner View'!U41,opponent,'Owner View'!T41,outcome,"W"),"") -> 113.5 | AE41: =IFERROR(AD41-VLOOKUP(U41,'SFFL Main Page'!$B$4:$L$20,9,FALSE),"") -> -9.0555556 | AF41: =IFERROR(COUNTIFS(managers,'Owner View'!U41,opponent,'Owner View'!T41,outcome,"W"),"") -> 2 | AG41: =IFERROR(AVERAGEIFS(points,managers,'Owner View'!U41,opponent,'Owner View'!T41,outcome,"L"),"") | AH41: =IFERROR(AG41-VLOOKUP(U41,'SFFL Main Page'!$B$4:$L$20,10,FALSE),"") | AI41: =IFERROR(COUNTIFS(managers,'Owner View'!U41,opponent,'Owner View'!T41,outcome,"L"),"") -> 0 | AJ41: =IFERROR(((AD41*AF41)+(AG41*AI41))/SUM(AF41,AI41),"") | AK41: =IFERROR(AJ41-VLOOKUP(U41,'SFFL Main Page'!$B$4:$L$20,8,FALSE),"") | AL41: =IFERROR(AC41-AK41,"")
B42: Mark | C42: =IFERROR(AVERAGEIFS(points,managers,'Owner View'!$C$2,opponent,'Owner View'!B42,outcome,"W"),"") -> 110.3 | D42: =IFERROR(C42-$C$47,"") -> 7.3744681 | E42: =IFERROR(AVERAGEIFS(points,managers,'Owner View'!$C$2,opponent,'Owner View'!B42,outcome,"L"),"") -> 80 | F42: =IFERROR(E42-$E$47,"") -> -0.63291139 | G42: =IFERROR(((C42*C16)+(E42*D16))/SUM(C16:D16),"") -> 100.2 | H42: =IFERROR(G42-$G$47,"") -> 7.3609195 | I42: =IFERROR(AVERAGEIFS(points,managers,'Owner View'!B42,opponent,'Owner View'!$C$2,outcome,"W"),"") -> 108.6 | J42: =IFERROR(I42-'SFFL Main Page'!J15,"") -> 6.2197183 | K42: =IFERROR(AVERAGEIFS(points,managers,'Owner View'!B42,opponent,'Owner View'!$C$2,outcome,"L"),"") -> 78.6 | L42: =IFERROR(K42-'SFFL Main Page'!K15,"") -> -1.3509804 | M42: =IFERROR(((I42*D16)+(K42*C16))/SUM(C16:D16),"") -> 88.6 | N42: =IFERROR(M42-'SFFL Main Page'!I15,"") -> -0.56091954 | O42: =IFERROR(H42-N42,"") -> 7.9218391 | S42: 37 | T42: BR | U42: Jordan | V42: =IFERROR(AVERAGEIFS(points,managers,'Owner View'!T42,opponent,'Owner View'!U42,outcome,"W"),"") -> 93 | W42: =IFERROR(V42-VLOOKUP(T42,'SFFL Main Page'!$B$4:$L$20,9,FALSE),"") -> -8.7701149 | X42: =IFERROR(COUNTIFS(managers,'Owner View'!T42,opponent,'Owner View'!U42,outcome,"W"),"") -> 1 | Y42: =IFERROR(AVERAGEIFS(points,managers,'Owner View'!T42,opponent,'Owner View'!U42,outcome,"L"),"") -> 120 | Z42: =IFERROR(Y42-VLOOKUP(T42,'SFFL Main Page'!$B$4:$L$20,10,FALSE),"") -> 42.059524 | AA42: =IFERROR(COUNTIFS(managers,'Owner View'!T42,opponent,'Owner View'!U42,outcome,"L"),"") -> 1 | AB42: =IFERROR(((V42*X42)+(Y42*AA42))/SUM(X42,AA42),"") -> 106.5 | AC42: =IFERROR(AB42-VLOOKUP(T42,'SFFL Main Page'!$B$4:$L$20,8,FALSE),"") -> 16.511494 | AD42: =IFERROR(AVERAGEIFS(points,managers,'Owner View'!U42,opponent,'Owner View'!T42,outcome,"W"),"") -> 121 | AE42: =IFERROR(AD42-VLOOKUP(U42,'SFFL Main Page'!$B$4:$L$20,9,FALSE),"") -> 1.2727273 | AF42: =IFERROR(COUNTIFS(managers,'Owner View'!U42,opponent,'Owner View'!T42,outcome,"W"),"") -> 1 | AG42: =IFERROR(AVERAGEIFS(points,managers,'Owner View'!U42,opponent,'Owner View'!T42,outcome,"L"),"") -> 67 | AH42: =IFERROR(AG42-VLOOKUP(U42,'SFFL Main Page'!$B$4:$L$20,10,FALSE),"") -> -30.529412 | AI42: =IFERROR(COUNTIFS(managers,'Owner View'!U42,opponent,'Owner View'!T42,outcome,"L"),"") -> 1 | AJ42: =IFERROR(((AD42*AF42)+(AG42*AI42))/SUM(AF42,AI42),"") -> 94 | AK42: =IFERROR(AJ42-VLOOKUP(U42,'SFFL Main Page'!$B$4:$L$20,8,FALSE),"") -> -12.25 | AL42: =IFERROR(AC42-AK42,"") -> 28.761494
B43: Matt | C43: =IFERROR(AVERAGEIFS(points,managers,'Owner View'!$C$2,opponent,'Owner View'!B43,outcome,"W"),"") -> 99.888889 | D43: =IFERROR(C43-$C$47,"") -> -3.036643 | E43: =IFERROR(AVERAGEIFS(points,managers,'Owner View'!$C$2,opponent,'Owner View'!B43,outcome,"L"),"") -> 83.5 | F43: =IFERROR(E43-$E$47,"") -> 2.8670886 | G43: =IFERROR(((C43*C17)+(E43*D17))/SUM(C17:D17),"") -> 93.333333 | H43: =IFERROR(G43-$G$47,"") -> 0.49425287 | I43: =IFERROR(AVERAGEIFS(points,managers,'Owner View'!B43,opponent,'Owner View'!$C$2,outcome,"W"),"") -> 99.5 | J43: =IFERROR(I43-'SFFL Main Page'!J16,"") -> -3.4 | K43: =IFERROR(AVERAGEIFS(points,managers,'Owner View'!B43,opponent,'Owner View'!$C$2,outcome,"L"),"") -> 85.333333 | L43: =IFERROR(K43-'SFFL Main Page'!K16,"") -> 3.3978495 | M43: =IFERROR(((I43*D17)+(K43*C17))/SUM(C17:D17),"") -> 91 | N43: =IFERROR(M43-'SFFL Main Page'!I16,"") -> -0.56896552 | O43: =IFERROR(H43-N43,"") -> 1.0632184 | S43: 38 | T43: BR | U43: Mark | V43: =IFERROR(AVERAGEIFS(points,managers,'Owner View'!T43,opponent,'Owner View'!U43,outcome,"W"),"") -> 102.61538 | W43: =IFERROR(V43-VLOOKUP(T43,'SFFL Main Page'!$B$4:$L$20,9,FALSE),"") -> 0.84526967 | X43: =IFERROR(COUNTIFS(managers,'Owner View'!T43,opponent,'Owner View'!U43,outcome,"W"),"") -> 13 | Y43: =IFERROR(AVERAGEIFS(points,managers,'Owner View'!T43,opponent,'Owner View'!U43,outcome,"L"),"") -> 73 | Z43: =IFERROR(Y43-VLOOKUP(T43,'SFFL Main Page'!$B$4:$L$20,10,FALSE),"") -> -4.9404762 | AA43: =IFERROR(COUNTIFS(managers,'Owner View'!T43,opponent,'Owner View'!U43,outcome,"L"),"") -> 3 | AB43: =IFERROR(((V43*X43)+(Y43*AA43))/SUM(X43,AA43),"") -> 97.0625 | AC43: =IFERROR(AB43-VLOOKUP(T43,'SFFL Main Page'!$B$4:$L$20,8,FALSE),"") -> 7.0739943 | AD43: =IFERROR(AVERAGEIFS(points,managers,'Owner View'!U43,opponent,'Owner View'!T43,outcome,"W"),"") -> 86 | AE43: =IFERROR(AD43-VLOOKUP(U43,'SFFL Main Page'!$B$4:$L$20,9,FALSE),"") -> -16.380282 | AF43: =IFERROR(COUNTIFS(managers,'Owner View'!U43,opponent,'Owner View'!T43,outcome,"W"),"") -> 3 | AG43: =IFERROR(AVERAGEIFS(points,managers,'Owner View'!U43,opponent,'Owner View'!T43,outcome,"L"),"") -> 80.230769 | AH43: =IFERROR(AG43-VLOOKUP(U43,'SFFL Main Page'!$B$4:$L$20,10,FALSE),"") -> 0.27978884 | AI43: =IFERROR(COUNTIFS(managers,'Owner View'!U43,opponent,'Owner View'!T43,outcome,"L"),"") -> 13 | AJ43: =IFERROR(((AD43*AF43)+(AG43*AI43))/SUM(AF43,AI43),"") -> 81.3125 | AK43: =IFERROR(AJ43-VLOOKUP(U43,'SFFL Main Page'!$B$4:$L$20,8,FALSE),"") -> -7.8484195 | AL43: =IFERROR(AC43-AK43,"") -> 14.922414
B44: Michael | C44: =IFERROR(AVERAGEIFS(points,managers,'Owner View'!$C$2,opponent,'Owner View'!B44,outcome,"W"),"") | D44: =IFERROR(C44-$C$47,"") | E44: =IFERROR(AVERAGEIFS(points,managers,'Owner View'!$C$2,opponent,'Owner View'!B44,outcome,"L"),"") | F44: =IFERROR(E44-$E$47,"") | G44: =IFERROR(((C44*C18)+(E44*D18))/SUM(C18:D18),"") | H44: =IFERROR(G44-$G$47,"") | I44: =IFERROR(AVERAGEIFS(points,managers,'Owner View'!B44,opponent,'Owner View'!$C$2,outcome,"W"),"") | J44: =IFERROR(I44-'SFFL Main Page'!J17,"") | K44: =IFERROR(AVERAGEIFS(points,managers,'Owner View'!B44,opponent,'Owner View'!$C$2,outcome,"L"),"") | L44: =IFERROR(K44-'SFFL Main Page'!K17,"") | M44: =IFERROR(((I44*D18)+(K44*C18))/SUM(C18:D18),"") | N44: =IFERROR(M44-'SFFL Main Page'!I17,"") | O44: =IFERROR(H44-N44,"") | S44: 39 | T44: BR | U44: Matt | V44: =IFERROR(AVERAGEIFS(points,managers,'Owner View'!T44,opponent,'Owner View'!U44,outcome,"W"),"") -> 110.71429 | W44: =IFERROR(V44-VLOOKUP(T44,'SFFL Main Page'!$B$4:$L$20,9,FALSE),"") -> 8.9441708 | X44: =IFERROR(COUNTIFS(managers,'Owner View'!T44,opponent,'Owner View'!U44,outcome,"W"),"") -> 7 | Y44: =IFERROR(AVERAGEIFS(points,managers,'Owner View'!T44,opponent,'Owner View'!U44,outcome,"L"),"") -> 64.125 | Z44: =IFERROR(Y44-VLOOKUP(T44,'SFFL Main Page'!$B$4:$L$20,10,FALSE),"") -> -13.815476 | AA44: =IFERROR(COUNTIFS(managers,'Owner View'!T44,opponent,'Owner View'!U44,outcome,"L"),"") -> 8 | AB44: =IFERROR(((V44*X44)+(Y44*AA44))/SUM(X44,AA44),"") -> 85.866667 | AC44: =IFERROR(AB44-VLOOKUP(T44,'SFFL Main Page'!$B$4:$L$20,8,FALSE),"") -> -4.1218391 | AD44: =IFERROR(AVERAGEIFS(points,managers,'Owner View'!U44,opponent,'Owner View'!T44,outcome,"W"),"") -> 99.875 | AE44: =IFERROR(AD44-VLOOKUP(U44,'SFFL Main Page'!$B$4:$L$20,9,FALSE),"") -> -3.025 | AF44: =IFERROR(COUNTIFS(managers,'Owner View'!U44,opponent,'Owner View'!T44,outcome,"W"),"") -> 8 | AG44: =IFERROR(AVERAGEIFS(points,managers,'Owner View'!U44,opponent,'Owner View'!T44,outcome,"L"),"") -> 80.285714 | AH44: =IFERROR(AG44-VLOOKUP(U44,'SFFL Main Page'!$B$4:$L$20,10,FALSE),"") -> -1.6497696 | AI44: =IFERROR(COUNTIFS(managers,'Owner View'!U44,opponent,'Owner View'!T44,outcome,"L"),"") -> 7 | AJ44: =IFERROR(((AD44*AF44)+(AG44*AI44))/SUM(AF44,AI44),"") -> 90.733333 | AK44: =IFERROR(AJ44-VLOOKUP(U44,'SFFL Main Page'!$B$4:$L$20,8,FALSE),"") -> -0.83563218 | AL44: =IFERROR(AC44-AK44,"") -> -3.2862069
B45: Russell | C45: =IFERROR(AVERAGEIFS(points,managers,'Owner View'!$C$2,opponent,'Owner View'!B45,outcome,"W"),"") -> 100.25 | D45: =IFERROR(C45-$C$47,"") -> -2.6755319 | E45: =IFERROR(AVERAGEIFS(points,managers,'Owner View'!$C$2,opponent,'Owner View'!B45,outcome,"L"),"") -> 84.666667 | F45: =IFERROR(E45-$E$47,"") -> 4.0337553 | G45: =IFERROR(((C45*C19)+(E45*D19))/SUM(C19:D19),"") -> 93.571429 | H45: =IFERROR(G45-$G$47,"") -> 0.73234811 | I45: =IFERROR(AVERAGEIFS(points,managers,'Owner View'!B45,opponent,'Owner View'!$C$2,outcome,"W"),"") -> 108.16667 | J45: =IFERROR(I45-'SFFL Main Page'!J18,"") -> 1.8333333 | K45: =IFERROR(AVERAGEIFS(points,managers,'Owner View'!B45,opponent,'Owner View'!$C$2,outcome,"L"),"") -> 80.25 | L45: =IFERROR(K45-'SFFL Main Page'!K18,"") -> -0.66463415 | M45: =IFERROR(((I45*D19)+(K45*C19))/SUM(C19:D19),"") -> 92.214286 | N45: =IFERROR(M45-'SFFL Main Page'!I18,"") -> -2.0098522 | O45: =IFERROR(H45-N45,"") -> 2.7422003 | S45: 40 | T45: BR | U45: Michael | V45: =IFERROR(AVERAGEIFS(points,managers,'Owner View'!T45,opponent,'Owner View'!U45,outcome,"W"),"") -> 111.11111 | W45: =IFERROR(V45-VLOOKUP(T45,'SFFL Main Page'!$B$4:$L$20,9,FALSE),"") -> 9.3409962 | X45: =IFERROR(COUNTIFS(managers,'Owner View'!T45,opponent,'Owner View'!U45,outcome,"W"),"") -> 9 | Y45: =IFERROR(AVERAGEIFS(points,managers,'Owner View'!T45,opponent,'Owner View'!U45,outcome,"L"),"") -> 80 | Z45: =IFERROR(Y45-VLOOKUP(T45,'SFFL Main Page'!$B$4:$L$20,10,FALSE),"") -> 2.0595238 | AA45: =IFERROR(COUNTIFS(managers,'Owner View'!T45,opponent,'Owner View'!U45,outcome,"L"),"") -> 7 | AB45: =IFERROR(((V45*X45)+(Y45*AA45))/SUM(X45,AA45),"") -> 97.5 | AC45: =IFERROR(AB45-VLOOKUP(T45,'SFFL Main Page'!$B$4:$L$20,8,FALSE),"") -> 7.5114943 | AD45: =IFERROR(AVERAGEIFS(points,managers,'Owner View'!U45,opponent,'Owner View'!T45,outcome,"W"),"") -> 98.142857 | AE45: =IFERROR(AD45-VLOOKUP(U45,'SFFL Main Page'!$B$4:$L$20,9,FALSE),"") -> -4.7826748 | AF45: =IFERROR(COUNTIFS(managers,'Owner View'!U45,opponent,'Owner View'!T45,outcome,"W"),"") -> 7 | AG45: =IFERROR(AVERAGEIFS(points,managers,'Owner View'!U45,opponent,'Owner View'!T45,outcome,"L"),"") -> 86 | AH45: =IFERROR(AG45-VLOOKUP(U45,'SFFL Main Page'!$B$4:$L$20,10,FALSE),"") -> 5.3670886 | AI45: =IFERROR(COUNTIFS(managers,'Owner View'!U45,opponent,'Owner View'!T45,outcome,"L"),"") -> 9 | AJ45: =IFERROR(((AD45*AF45)+(AG45*AI45))/SUM(AF45,AI45),"") -> 91.3125 | AK45: =IFERROR(AJ45-VLOOKUP(U45,'SFFL Main Page'!$B$4:$L$20,8,FALSE),"") -> -1.5265805 | AL45: =IFERROR(AC45-AK45,"") -> 9.0380747
B46: Watty | C46: =IFERROR(AVERAGEIFS(points,managers,'Owner View'!$C$2,opponent,'Owner View'!B46,outcome,"W"),"") -> 97.923077 | D46: =IFERROR(C46-$C$47,"") -> -5.002455 | E46: =IFERROR(AVERAGEIFS(points,managers,'Owner View'!$C$2,opponent,'Owner View'!B46,outcome,"L"),"") -> 84.7 | F46: =IFERROR(E46-$E$47,"") -> 4.0670886 | G46: =IFERROR(((C46*C20)+(E46*D20))/SUM(C20:D20),"") -> 92.173913 | H46: =IFERROR(G46-$G$47,"") -> -0.66516742 | I46: =IFERROR(AVERAGEIFS(points,managers,'Owner View'!B46,opponent,'Owner View'!$C$2,outcome,"W"),"") -> 102.8 | J46: =IFERROR(I46-'SFFL Main Page'!J19,"") -> -1.9590361 | K46: =IFERROR(AVERAGEIFS(points,managers,'Owner View'!B46,opponent,'Owner View'!$C$2,outcome,"L"),"") -> 68.307692 | L46: =IFERROR(K46-'SFFL Main Page'!K19,"") -> -8.2527473 | M46: =IFERROR(((I46*D20)+(K46*C20))/SUM(C20:D20),"") -> 83.304348 | N46: =IFERROR(M46-'SFFL Main Page'!I19,"") -> -6.7071464 | O46: =IFERROR(H46-N46,"") -> 6.041979 | S46: 41 | T46: BR | U46: Russell | V46: =IFERROR(AVERAGEIFS(points,managers,'Owner View'!T46,opponent,'Owner View'!U46,outcome,"W"),"") -> 100.25 | W46: =IFERROR(V46-VLOOKUP(T46,'SFFL Main Page'!$B$4:$L$20,9,FALSE),"") -> -1.5201149 | X46: =IFERROR(COUNTIFS(managers,'Owner View'!T46,opponent,'Owner View'!U46,outcome,"W"),"") -> 4 | Y46: =IFERROR(AVERAGEIFS(points,managers,'Owner View'!T46,opponent,'Owner View'!U46,outcome,"L"),"") -> 75.454545 | Z46: =IFERROR(Y46-VLOOKUP(T46,'SFFL Main Page'!$B$4:$L$20,10,FALSE),"") -> -2.4859307 | AA46: =IFERROR(COUNTIFS(managers,'Owner View'!T46,opponent,'Owner View'!U46,outcome,"L"),"") -> 11 | AB46: =IFERROR(((V46*X46)+(Y46*AA46))/SUM(X46,AA46),"") -> 82.066667 | AC46: =IFERROR(AB46-VLOOKUP(T46,'SFFL Main Page'!$B$4:$L$20,8,FALSE),"") -> -7.9218391 | AD46: =IFERROR(AVERAGEIFS(points,managers,'Owner View'!U46,opponent,'Owner View'!T46,outcome,"W"),"") -> 105.63636 | AE46: =IFERROR(AD46-VLOOKUP(U46,'SFFL Main Page'!$B$4:$L$20,9,FALSE),"") -> -0.6969697 | AF46: =IFERROR(COUNTIFS(managers,'Owner View'!U46,opponent,'Owner View'!T46,outcome,"W"),"") -> 11 | AG46: =IFERROR(AVERAGEIFS(points,managers,'Owner View'!U46,opponent,'Owner View'!T46,outcome,"L"),"") -> 73.25 | AH46: =IFERROR(AG46-VLOOKUP(U46,'SFFL Main Page'!$B$4:$L$20,10,FALSE),"") -> -7.6646341 | AI46: =IFERROR(COUNTIFS(managers,'Owner View'!U46,opponent,'Owner View'!T46,outcome,"L"),"") -> 4 | AJ46: =IFERROR(((AD46*AF46)+(AG46*AI46))/SUM(AF46,AI46),"") -> 97 | AK46: =IFERROR(AJ46-VLOOKUP(U46,'SFFL Main Page'!$B$4:$L$20,8,FALSE),"") -> 2.7758621 | AL46: =IFERROR(AC46-AK46,"") -> -10.697701
B47: Overall | C47: =VLOOKUP(C2,'SFFL Main Page'!B5:L19,9,FALSE) -> 102.92553 | E47: =VLOOKUP(C2,'SFFL Main Page'!B5:L19,10,FALSE) -> 80.632911 | G47: =VLOOKUP(C2,'SFFL Main Page'!B5:L19,8,FALSE) -> 92.83908 | S47: 42 | T47: BR | U47: Watty | V47: =IFERROR(AVERAGEIFS(points,managers,'Owner View'!T47,opponent,'Owner View'!U47,outcome,"W"),"") -> 97.888889 | W47: =IFERROR(V47-VLOOKUP(T47,'SFFL Main Page'!$B$4:$L$20,9,FALSE),"") -> -3.8812261 | X47: =IFERROR(COUNTIFS(managers,'Owner View'!T47,opponent,'Owner View'!U47,outcome,"W"),"") -> 9 | Y47: =IFERROR(AVERAGEIFS(points,managers,'Owner View'!T47,opponent,'Owner View'!U47,outcome,"L"),"") -> 79.111111 | Z47: =IFERROR(Y47-VLOOKUP(T47,'SFFL Main Page'!$B$4:$L$20,10,FALSE),"") -> 1.1706349 | AA47: =IFERROR(COUNTIFS(managers,'Owner View'!T47,opponent,'Owner View'!U47,outcome,"L"),"") -> 9 | AB47: =IFERROR(((V47*X47)+(Y47*AA47))/SUM(X47,AA47),"") -> 88.5 | AC47: =IFERROR(AB47-VLOOKUP(T47,'SFFL Main Page'!$B$4:$L$20,8,FALSE),"") -> -1.4885057 | AD47: =IFERROR(AVERAGEIFS(points,managers,'Owner View'!U47,opponent,'Owner View'!T47,outcome,"W"),"") -> 109 | AE47: =IFERROR(AD47-VLOOKUP(U47,'SFFL Main Page'!$B$4:$L$20,9,FALSE),"") -> 4.2409639 | AF47: =IFERROR(COUNTIFS(managers,'Owner View'!U47,opponent,'Owner View'!T47,outcome,"W"),"") -> 9 | AG47: =IFERROR(AVERAGEIFS(points,managers,'Owner View'!U47,opponent,'Owner View'!T47,outcome,"L"),"") -> 76.444444 | AH47: =IFERROR(AG47-VLOOKUP(U47,'SFFL Main Page'!$B$4:$L$20,10,FALSE),"") -> -0.11599512 | AI47: =IFERROR(COUNTIFS(managers,'Owner View'!U47,opponent,'Owner View'!T47,outcome,"L"),"") -> 9 | AJ47: =IFERROR(((AD47*AF47)+(AG47*AI47))/SUM(AF47,AI47),"") -> 92.722222 | AK47: =IFERROR(AJ47-VLOOKUP(U47,'SFFL Main Page'!$B$4:$L$20,8,FALSE),"") -> 2.710728 | AL47: =IFERROR(AC47-AK47,"") -> -4.1992337
S48: 43 | T48: Brent | U48: Abby | V48: =IFERROR(AVERAGEIFS(points,managers,'Owner View'!T48,opponent,'Owner View'!U48,outcome,"W"),"") -> 92 | W48: =IFERROR(V48-VLOOKUP(T48,'SFFL Main Page'!$B$4:$L$20,9,FALSE),"") -> -13.357895 | X48: =IFERROR(COUNTIFS(managers,'Owner View'!T48,opponent,'Owner View'!U48,outcome,"W"),"") -> 5 | Y48: =IFERROR(AVERAGEIFS(points,managers,'Owner View'!T48,opponent,'Owner View'!U48,outcome,"L"),"") -> 79 | Z48: =IFERROR(Y48-VLOOKUP(T48,'SFFL Main Page'!$B$4:$L$20,10,FALSE),"") -> -4.5769231 | AA48: =IFERROR(COUNTIFS(managers,'Owner View'!T48,opponent,'Owner View'!U48,outcome,"L"),"") -> 1 | AB48: =IFERROR(((V48*X48)+(Y48*AA48))/SUM(X48,AA48),"") -> 89.833333 | AC48: =IFERROR(AB48-VLOOKUP(T48,'SFFL Main Page'!$B$4:$L$20,8,FALSE),"") -> -7.7274775 | AD48: =IFERROR(AVERAGEIFS(points,managers,'Owner View'!U48,opponent,'Owner View'!T48,outcome,"W"),"") -> 82 | AE48: =IFERROR(AD48-VLOOKUP(U48,'SFFL Main Page'!$B$4:$L$20,9,FALSE),"") -> -13.489362 | AF48: =IFERROR(COUNTIFS(managers,'Owner View'!U48,opponent,'Owner View'!T48,outcome,"W"),"") -> 1 | AG48: =IFERROR(AVERAGEIFS(points,managers,'Owner View'!U48,opponent,'Owner View'!T48,outcome,"L"),"") -> 72.4 | AH48: =IFERROR(AG48-VLOOKUP(U48,'SFFL Main Page'!$B$4:$L$20,10,FALSE),"") -> 2.4350877 | AI48: =IFERROR(COUNTIFS(managers,'Owner View'!U48,opponent,'Owner View'!T48,outcome,"L"),"") -> 5 | AJ48: =IFERROR(((AD48*AF48)+(AG48*AI48))/SUM(AF48,AI48),"") -> 74 | AK48: =IFERROR(AJ48-VLOOKUP(U48,'SFFL Main Page'!$B$4:$L$20,8,FALSE),"") -> -7.5 | AL48: =IFERROR(AC48-AK48,"") -> -0.22747748
S49: 44 | T49: Brent | U49: Arnold | V49: =IFERROR(AVERAGEIFS(points,managers,'Owner View'!T49,opponent,'Owner View'!U49,outcome,"W"),"") -> 118.8 | W49: =IFERROR(V49-VLOOKUP(T49,'SFFL Main Page'!$B$4:$L$20,9,FALSE),"") -> 13.442105 | X49: =IFERROR(COUNTIFS(managers,'Owner View'!T49,opponent,'Owner View'!U49,outcome,"W"),"") -> 5 | Y49: =IFERROR(AVERAGEIFS(points,managers,'Owner View'!T49,opponent,'Owner View'!U49,outcome,"L"),"") -> 66 | Z49: =IFERROR(Y49-VLOOKUP(T49,'SFFL Main Page'!$B$4:$L$20,10,FALSE),"") -> -17.576923 | AA49: =IFERROR(COUNTIFS(managers,'Owner View'!T49,opponent,'Owner View'!U49,outcome,"L"),"") -> 1 | AB49: =IFERROR(((V49*X49)+(Y49*AA49))/SUM(X49,AA49),"") -> 110 | AC49: =IFERROR(AB49-VLOOKUP(T49,'SFFL Main Page'!$B$4:$L$20,8,FALSE),"") -> 12.439189 | AD49: =IFERROR(AVERAGEIFS(points,managers,'Owner View'!U49,opponent,'Owner View'!T49,outcome,"W"),"") -> 77 | AE49: =IFERROR(AD49-VLOOKUP(U49,'SFFL Main Page'!$B$4:$L$20,9,FALSE),"") -> -31.689655 | AF49: =IFERROR(COUNTIFS(managers,'Owner View'!U49,opponent,'Owner View'!T49,outcome,"W"),"") -> 1 | AG49: =IFERROR(AVERAGEIFS(points,managers,'Owner View'!U49,opponent,'Owner View'!T49,outcome,"L"),"") -> 82.6 | AH49: =IFERROR(AG49-VLOOKUP(U49,'SFFL Main Page'!$B$4:$L$20,10,FALSE),"") -> 1.0146341 | AI49: =IFERROR(COUNTIFS(managers,'Owner View'!U49,opponent,'Owner View'!T49,outcome,"L"),"") -> 5 | AJ49: =IFERROR(((AD49*AF49)+(AG49*AI49))/SUM(AF49,AI49),"") -> 81.666667 | AK49: =IFERROR(AJ49-VLOOKUP(U49,'SFFL Main Page'!$B$4:$L$20,8,FALSE),"") -> -11.147619 | AL49: =IFERROR(AC49-AK49,"") -> 23.586808
S50: 45 | T50: Brent | U50: BR | V50: =IFERROR(AVERAGEIFS(points,managers,'Owner View'!T50,opponent,'Owner View'!U50,outcome,"W"),"") -> 100.88889 | W50: =IFERROR(V50-VLOOKUP(T50,'SFFL Main Page'!$B$4:$L$20,9,FALSE),"") -> -4.4690058 | X50: =IFERROR(COUNTIFS(managers,'Owner View'!T50,opponent,'Owner View'!U50,outcome,"W"),"") -> 9 | Y50: =IFERROR(AVERAGEIFS(points,managers,'Owner View'!T50,opponent,'Owner View'!U50,outcome,"L"),"") -> 92.2 | Z50: =IFERROR(Y50-VLOOKUP(T50,'SFFL Main Page'!$B$4:$L$20,10,FALSE),"") -> 8.6230769 | AA50: =IFERROR(COUNTIFS(managers,'Owner View'!T50,opponent,'Owner View'!U50,outcome,"L"),"") -> 5 | AB50: =IFERROR(((V50*X50)+(Y50*AA50))/SUM(X50,AA50),"") -> 97.785714 | AC50: =IFERROR(AB50-VLOOKUP(T50,'SFFL Main Page'!$B$4:$L$20,8,FALSE),"") -> 0.22490347 | AD50: =IFERROR(AVERAGEIFS(points,managers,'Owner View'!U50,opponent,'Owner View'!T50,outcome,"W"),"") -> 100.8 | AE50: =IFERROR(AD50-VLOOKUP(U50,'SFFL Main Page'!$B$4:$L$20,9,FALSE),"") -> -0.97011494 | AF50: =IFERROR(COUNTIFS(managers,'Owner View'!U50,opponent,'Owner View'!T50,outcome,"W"),"") -> 5 | AG50: =IFERROR(AVERAGEIFS(points,managers,'Owner View'!U50,opponent,'Owner View'!T50,outcome,"L"),"") -> 79.888889 | AH50: =IFERROR(AG50-VLOOKUP(U50,'SFFL Main Page'!$B$4:$L$20,10,FALSE),"") -> 1.9484127 | AI50: =IFERROR(COUNTIFS(managers,'Owner View'!U50,opponent,'Owner View'!T50,outcome,"L"),"") -> 9 | AJ50: =IFERROR(((AD50*AF50)+(AG50*AI50))/SUM(AF50,AI50),"") -> 87.357143 | AK50: =IFERROR(AJ50-VLOOKUP(U50,'SFFL Main Page'!$B$4:$L$20,8,FALSE),"") -> -2.6313629 | AL50: =IFERROR(AC50-AK50,"") -> 2.8562664
S51: 46 | T51: Brent | U51: Brian | V51: =IFERROR(AVERAGEIFS(points,managers,'Owner View'!T51,opponent,'Owner View'!U51,outcome,"W"),"") -> 98.666667 | W51: =IFERROR(V51-VLOOKUP(T51,'SFFL Main Page'!$B$4:$L$20,9,FALSE),"") -> -6.6912281 | X51: =IFERROR(COUNTIFS(managers,'Owner View'!T51,opponent,'Owner View'!U51,outcome,"W"),"") -> 6 | Y51: =IFERROR(AVERAGEIFS(points,managers,'Owner View'!T51,opponent,'Owner View'!U51,outcome,"L"),"") -> 86.25 | Z51: =IFERROR(Y51-VLOOKUP(T51,'SFFL Main Page'!$B$4:$L$20,10,FALSE),"") -> 2.6730769 | AA51: =IFERROR(COUNTIFS(managers,'Owner View'!T51,opponent,'Owner View'!U51,outcome,"L"),"") -> 8 | AB51: =IFERROR(((V51*X51)+(Y51*AA51))/SUM(X51,AA51),"") -> 91.571429 | AC51: =IFERROR(AB51-VLOOKUP(T51,'SFFL Main Page'!$B$4:$L$20,8,FALSE),"") -> -5.9893822 | AD51: =IFERROR(AVERAGEIFS(points,managers,'Owner View'!U51,opponent,'Owner View'!T51,outcome,"W"),"") -> 104.625 | AE51: =IFERROR(AD51-VLOOKUP(U51,'SFFL Main Page'!$B$4:$L$20,9,FALSE),"") -> 1.0729167 | AF51: =IFERROR(COUNTIFS(managers,'Owner View'!U51,opponent,'Owner View'!T51,outcome,"W"),"") -> 8 | AG51: =IFERROR(AVERAGEIFS(points,managers,'Owner View'!U51,opponent,'Owner View'!T51,outcome,"L"),"") -> 83.5 | AH51: =IFERROR(AG51-VLOOKUP(U51,'SFFL Main Page'!$B$4:$L$20,10,FALSE),"") -> 5.9675325 | AI51: =IFERROR(COUNTIFS(managers,'Owner View'!U51,opponent,'Owner View'!T51,outcome,"L"),"") -> 6 | AJ51: =IFERROR(((AD51*AF51)+(AG51*AI51))/SUM(AF51,AI51),"") -> 95.571429 | AK51: =IFERROR(AJ51-VLOOKUP(U51,'SFFL Main Page'!$B$4:$L$20,8,FALSE),"") -> 3.58867 | AL51: =IFERROR(AC51-AK51,"") -> -9.5780522
S52: 47 | T52: Brent | U52: Charles | V52: =IFERROR(AVERAGEIFS(points,managers,'Owner View'!T52,opponent,'Owner View'!U52,outcome,"W"),"") -> 111.5 | W52: =IFERROR(V52-VLOOKUP(T52,'SFFL Main Page'!$B$4:$L$20,9,FALSE),"") -> 6.1421053 | X52: =IFERROR(COUNTIFS(managers,'Owner View'!T52,opponent,'Owner View'!U52,outcome,"W"),"") -> 8 | Y52: =IFERROR(AVERAGEIFS(points,managers,'Owner View'!T52,opponent,'Owner View'!U52,outcome,"L"),"") -> 86.666667 | Z52: =IFERROR(Y52-VLOOKUP(T52,'SFFL Main Page'!$B$4:$L$20,10,FALSE),"") -> 3.0897436 | AA52: =IFERROR(COUNTIFS(managers,'Owner View'!T52,opponent,'Owner View'!U52,outcome,"L"),"") -> 6 | AB52: =IFERROR(((V52*X52)+(Y52*AA52))/SUM(X52,AA52),"") -> 100.85714 | AC52: =IFERROR(AB52-VLOOKUP(T52,'SFFL Main Page'!$B$4:$L$20,8,FALSE),"") -> 3.296332 | AD52: =IFERROR(AVERAGEIFS(points,managers,'Owner View'!U52,opponent,'Owner View'!T52,outcome,"W"),"") -> 112.16667 | AE52: =IFERROR(AD52-VLOOKUP(U52,'SFFL Main Page'!$B$4:$L$20,9,FALSE),"") -> 3.4215447 | AF52: =IFERROR(COUNTIFS(managers,'Owner View'!U52,opponent,'Owner View'!T52,outcome,"W"),"") -> 6 | AG52: =IFERROR(AVERAGEIFS(points,managers,'Owner View'!U52,opponent,'Owner View'!T52,outcome,"L"),"") -> 85.375 | AH52: =IFERROR(AG52-VLOOKUP(U52,'SFFL Main Page'!$B$4:$L$20,10,FALSE),"") -> 0.61742424 | AI52: =IFERROR(COUNTIFS(managers,'Owner View'!U52,opponent,'Owner View'!T52,outcome,"L"),"") -> 8 | AJ52: =IFERROR(((AD52*AF52)+(AG52*AI52))/SUM(AF52,AI52),"") -> 96.857143 | AK52: =IFERROR(AJ52-VLOOKUP(U52,'SFFL Main Page'!$B$4:$L$20,8,FALSE),"") -> -1.1908301 | AL52: =IFERROR(AC52-AK52,"") -> 4.4871622
S53: 48 | T53: Brent | U53: David | V53: =IFERROR(AVERAGEIFS(points,managers,'Owner View'!T53,opponent,'Owner View'!U53,outcome,"W"),"") -> 105.5 | W53: =IFERROR(V53-VLOOKUP(T53,'SFFL Main Page'!$B$4:$L$20,9,FALSE),"") -> 0.14210526 | X53: =IFERROR(COUNTIFS(managers,'Owner View'!T53,opponent,'Owner View'!U53,outcome,"W"),"") -> 6 | Y53: =IFERROR(AVERAGEIFS(points,managers,'Owner View'!T53,opponent,'Owner View'!U53,outcome,"L"),"") -> 81.8 | Z53: =IFERROR(Y53-VLOOKUP(T53,'SFFL Main Page'!$B$4:$L$20,10,FALSE),"") -> -1.7769231 | AA53: =IFERROR(COUNTIFS(managers,'Owner View'!T53,opponent,'Owner View'!U53,outcome,"L"),"") -> 5 | AB53: =IFERROR(((V53*X53)+(Y53*AA53))/SUM(X53,AA53),"") -> 94.727273 | AC53: =IFERROR(AB53-VLOOKUP(T53,'SFFL Main Page'!$B$4:$L$20,8,FALSE),"") -> -2.8335381 | AD53: =IFERROR(AVERAGEIFS(points,managers,'Owner View'!U53,opponent,'Owner View'!T53,outcome,"W"),"") -> 105 | AE53: =IFERROR(AD53-VLOOKUP(U53,'SFFL Main Page'!$B$4:$L$20,9,FALSE),"") -> 3.9294118 | AF53: =IFERROR(COUNTIFS(managers,'Owner View'!U53,opponent,'Owner View'!T53,outcome,"W"),"") -> 5 | AG53: =IFERROR(AVERAGEIFS(points,managers,'Owner View'!U53,opponent,'Owner View'!T53,outcome,"L"),"") -> 86.166667 | AH53: =IFERROR(AG53-VLOOKUP(U53,'SFFL Main Page'!$B$4:$L$20,10,FALSE),"") -> 8.0416667 | AI53: =IFERROR(COUNTIFS(managers,'Owner View'!U53,opponent,'Owner View'!T53,outcome,"L"),"") -> 6 | AJ53: =IFERROR(((AD53*AF53)+(AG53*AI53))/SUM(AF53,AI53),"") -> 94.727273 | AK53: =IFERROR(AJ53-VLOOKUP(U53,'SFFL Main Page'!$B$4:$L$20,8,FALSE),"") -> 5.3249739 | AL53: =IFERROR(AC53-AK53,"") -> -8.158512
S54: 49 | T54: Brent | U54: Emily | V54: =IFERROR(AVERAGEIFS(points,managers,'Owner View'!T54,opponent,'Owner View'!U54,outcome,"W"),"") -> 110.5 | W54: =IFERROR(V54-VLOOKUP(T54,'SFFL Main Page'!$B$4:$L$20,9,FALSE),"") -> 5.1421053 | X54: =IFERROR(COUNTIFS(managers,'Owner View'!T54,opponent,'Owner View'!U54,outcome,"W"),"") -> 10 | Y54: =IFERROR(AVERAGEIFS(points,managers,'Owner View'!T54,opponent,'Owner View'!U54,outcome,"L"),"") -> 69 | Z54: =IFERROR(Y54-VLOOKUP(T54,'SFFL Main Page'!$B$4:$L$20,10,FALSE),"") -> -14.576923 | AA54: =IFERROR(COUNTIFS(managers,'Owner View'!T54,opponent,'Owner View'!U54,outcome,"L"),"") -> 4 | AB54: =IFERROR(((V54*X54)+(Y54*AA54))/SUM(X54,AA54),"") -> 98.642857 | AC54: =IFERROR(AB54-VLOOKUP(T54,'SFFL Main Page'!$B$4:$L$20,8,FALSE),"") -> 1.0820463 | AD54: =IFERROR(AVERAGEIFS(points,managers,'Owner View'!U54,opponent,'Owner View'!T54,outcome,"W"),"") -> 85.75 | AE54: =IFERROR(AD54-VLOOKUP(U54,'SFFL Main Page'!$B$4:$L$20,9,FALSE),"") -> -15.07716 | AF54: =IFERROR(COUNTIFS(managers,'Owner View'!U54,opponent,'Owner View'!T54,outcome,"W"),"") -> 4 | AG54: =IFERROR(AVERAGEIFS(points,managers,'Owner View'!U54,opponent,'Owner View'!T54,outcome,"L"),"") -> 82.8 | AH54: =IFERROR(AG54-VLOOKUP(U54,'SFFL Main Page'!$B$4:$L$20,10,FALSE),"") -> 7.4304348 | AI54: =IFERROR(COUNTIFS(managers,'Owner View'!U54,opponent,'Owner View'!T54,outcome,"L"),"") -> 10 | AJ54: =IFERROR(((AD54*AF54)+(AG54*AI54))/SUM(AF54,AI54),"") -> 83.642857 | AK54: =IFERROR(AJ54-VLOOKUP(U54,'SFFL Main Page'!$B$4:$L$20,8,FALSE),"") -> -3.5985222 | AL54: =IFERROR(AC54-AK54,"") -> 4.6805685
S55: 50 | T55: Brent | U55: Grayson | V55: =IFERROR(AVERAGEIFS(points,managers,'Owner View'!T55,opponent,'Owner View'!U55,outcome,"W"),"") -> 139.5 | W55: =IFERROR(V55-VLOOKUP(T55,'SFFL Main Page'!$B$4:$L$20,9,FALSE),"") -> 34.142105 | X55: =IFERROR(COUNTIFS(managers,'Owner View'!T55,opponent,'Owner View'!U55,outcome,"W"),"") -> 2 | Y55: =IFERROR(AVERAGEIFS(points,managers,'Owner View'!T55,opponent,'Owner View'!U55,outcome,"L"),"") | Z55: =IFERROR(Y55-VLOOKUP(T55,'SFFL Main Page'!$B$4:$L$20,10,FALSE),"") | AA55: =IFERROR(COUNTIFS(managers,'Owner View'!T55,opponent,'Owner View'!U55,outcome,"L"),"") -> 0 | AB55: =IFERROR(((V55*X55)+(Y55*AA55))/SUM(X55,AA55),"") | AC55: =IFERROR(AB55-VLOOKUP(T55,'SFFL Main Page'!$B$4:$L$20,8,FALSE),"") | AD55: =IFERROR(AVERAGEIFS(points,managers,'Owner View'!U55,opponent,'Owner View'!T55,outcome,"W"),"") | AE55: =IFERROR(AD55-VLOOKUP(U55,'SFFL Main Page'!$B$4:$L$20,9,FALSE),"") | AF55: =IFERROR(COUNTIFS(managers,'Owner View'!U55,opponent,'Owner View'!T55,outcome,"W"),"") -> 0 | AG55: =IFERROR(AVERAGEIFS(points,managers,'Owner View'!U55,opponent,'Owner View'!T55,outcome,"L"),"") -> 86.5 | AH55: =IFERROR(AG55-VLOOKUP(U55,'SFFL Main Page'!$B$4:$L$20,10,FALSE),"") -> -6.6578947 | AI55: =IFERROR(COUNTIFS(managers,'Owner View'!U55,opponent,'Owner View'!T55,outcome,"L"),"") -> 2 | AJ55: =IFERROR(((AD55*AF55)+(AG55*AI55))/SUM(AF55,AI55),"") | AK55: =IFERROR(AJ55-VLOOKUP(U55,'SFFL Main Page'!$B$4:$L$20,8,FALSE),"") | AL55: =IFERROR(AC55-AK55,"")
S56: 51 | T56: Brent | U56: Jordan | V56: =IFERROR(AVERAGEIFS(points,managers,'Owner View'!T56,opponent,'Owner View'!U56,outcome,"W"),"") -> 100 | W56: =IFERROR(V56-VLOOKUP(T56,'SFFL Main Page'!$B$4:$L$20,9,FALSE),"") -> -5.3578947 | X56: =IFERROR(COUNTIFS(managers,'Owner View'!T56,opponent,'Owner View'!U56,outcome,"W"),"") -> 1 | Y56: =IFERROR(AVERAGEIFS(points,managers,'Owner View'!T56,opponent,'Owner View'!U56,outcome,"L"),"") -> 71 | Z56: =IFERROR(Y56-VLOOKUP(T56,'SFFL Main Page'!$B$4:$L$20,10,FALSE),"") -> -12.576923 | AA56: =IFERROR(COUNTIFS(managers,'Owner View'!T56,opponent,'Owner View'!U56,outcome,"L"),"") -> 1 | AB56: =IFERROR(((V56*X56)+(Y56*AA56))/SUM(X56,AA56),"") -> 85.5 | AC56: =IFERROR(AB56-VLOOKUP(T56,'SFFL Main Page'!$B$4:$L$20,8,FALSE),"") -> -12.060811 | AD56: =IFERROR(AVERAGEIFS(points,managers,'Owner View'!U56,opponent,'Owner View'!T56,outcome,"W"),"") -> 97 | AE56: =IFERROR(AD56-VLOOKUP(U56,'SFFL Main Page'!$B$4:$L$20,9,FALSE),"") -> -22.727273 | AF56: =IFERROR(COUNTIFS(managers,'Owner View'!U56,opponent,'Owner View'!T56,outcome,"W"),"") -> 1 | AG56: =IFERROR(AVERAGEIFS(points,managers,'Owner View'!U56,opponent,'Owner View'!T56,outcome,"L"),"") -> 94 | AH56: =IFERROR(AG56-VLOOKUP(U56,'SFFL Main Page'!$B$4:$L$20,10,FALSE),"") -> -3.5294118 | AI56: =IFERROR(COUNTIFS(managers,'Owner View'!U56,opponent,'Owner View'!T56,outcome,"L"),"") -> 1 | AJ56: =IFERROR(((AD56*AF56)+(AG56*AI56))/SUM(AF56,AI56),"") -> 95.5 | AK56: =IFERROR(AJ56-VLOOKUP(U56,'SFFL Main Page'!$B$4:$L$20,8,FALSE),"") -> -10.75 | AL56: =IFERROR(AC56-AK56,"") -> -1.3108108
S57: 52 | T57: Brent | U57: Mark | V57: =IFERROR(AVERAGEIFS(points,managers,'Owner View'!T57,opponent,'Owner View'!U57,outcome,"W"),"") -> 109.53846 | W57: =IFERROR(V57-VLOOKUP(T57,'SFFL Main Page'!$B$4:$L$20,9,FALSE),"") -> 4.1805668 | X57: =IFERROR(COUNTIFS(managers,'Owner View'!T57,opponent,'Owner View'!U57,outcome,"W"),"") -> 13 | Y57: =IFERROR(AVERAGEIFS(points,managers,'Owner View'!T57,opponent,'Owner View'!U57,outcome,"L"),"") -> 87 | Z57: =IFERROR(Y57-VLOOKUP(T57,'SFFL Main Page'!$B$4:$L$20,10,FALSE),"") -> 3.4230769 | AA57: =IFERROR(COUNTIFS(managers,'Owner View'!T57,opponent,'Owner View'!U57,outcome,"L"),"") -> 2 | AB57: =IFERROR(((V57*X57)+(Y57*AA57))/SUM(X57,AA57),"") -> 106.53333 | AC57: =IFERROR(AB57-VLOOKUP(T57,'SFFL Main Page'!$B$4:$L$20,8,FALSE),"") -> 8.9725225 | AD57: =IFERROR(AVERAGEIFS(points,managers,'Owner View'!U57,opponent,'Owner View'!T57,outcome,"W"),"") -> 102 | AE57: =IFERROR(AD57-VLOOKUP(U57,'SFFL Main Page'!$B$4:$L$20,9,FALSE),"") -> -0.38028169 | AF57: =IFERROR(COUNTIFS(managers,'Owner View'!U57,opponent,'Owner View'!T57,outcome,"W"),"") -> 2 | AG57: =IFERROR(AVERAGEIFS(points,managers,'Owner View'!U57,opponent,'Owner View'!T57,outcome,"L"),"") -> 88.769231 | AH57: =IFERROR(AG57-VLOOKUP(U57,'SFFL Main Page'!$B$4:$L$20,10,FALSE),"") -> 8.8182504 | AI57: =IFERROR(COUNTIFS(managers,'Owner View'!U57,opponent,'Owner View'!T57,outcome,"L"),"") -> 13 | AJ57: =IFERROR(((AD57*AF57)+(AG57*AI57))/SUM(AF57,AI57),"") -> 90.533333 | AK57: =IFERROR(AJ57-VLOOKUP(U57,'SFFL Main Page'!$B$4:$L$20,8,FALSE),"") -> 1.3724138 | AL57: =IFERROR(AC57-AK57,"") -> 7.6001087
S58: 53 | T58: Brent | U58: Matt | V58: =IFERROR(AVERAGEIFS(points,managers,'Owner View'!T58,opponent,'Owner View'!U58,outcome,"W"),"") -> 98.636364 | W58: =IFERROR(V58-VLOOKUP(T58,'SFFL Main Page'!$B$4:$L$20,9,FALSE),"") -> -6.7215311 | X58: =IFERROR(COUNTIFS(managers,'Owner View'!T58,opponent,'Owner View'!U58,outcome,"W"),"") -> 11 | Y58: =IFERROR(AVERAGEIFS(points,managers,'Owner View'!T58,opponent,'Owner View'!U58,outcome,"L"),"") -> 84.5 | Z58: =IFERROR(Y58-VLOOKUP(T58,'SFFL Main Page'!$B$4:$L$20,10,FALSE),"") -> 0.92307692 | AA58: =IFERROR(COUNTIFS(managers,'Owner View'!T58,opponent,'Owner View'!U58,outcome,"L"),"") -> 6 | AB58: =IFERROR(((V58*X58)+(Y58*AA58))/SUM(X58,AA58),"") -> 93.647059 | AC58: =IFERROR(AB58-VLOOKUP(T58,'SFFL Main Page'!$B$4:$L$20,8,FALSE),"") -> -3.913752 | AD58: =IFERROR(AVERAGEIFS(points,managers,'Owner View'!U58,opponent,'Owner View'!T58,outcome,"W"),"") -> 98.833333 | AE58: =IFERROR(AD58-VLOOKUP(U58,'SFFL Main Page'!$B$4:$L$20,9,FALSE),"") -> -4.0666667 | AF58: =IFERROR(COUNTIFS(managers,'Owner View'!U58,opponent,'Owner View'!T58,outcome,"W"),"") -> 6 | AG58: =IFERROR(AVERAGEIFS(points,managers,'Owner View'!U58,opponent,'Owner View'!T58,outcome,"L"),"") -> 77.909091 | AH58: =IFERROR(AG58-VLOOKUP(U58,'SFFL Main Page'!$B$4:$L$20,10,FALSE),"") -> -4.026393 | AI58: =IFERROR(COUNTIFS(managers,'Owner View'!U58,opponent,'Owner View'!T58,outcome,"L"),"") -> 11 | AJ58: =IFERROR(((AD58*AF58)+(AG58*AI58))/SUM(AF58,AI58),"") -> 85.294118 | AK58: =IFERROR(AJ58-VLOOKUP(U58,'SFFL Main Page'!$B$4:$L$20,8,FALSE),"") -> -6.2748479 | AL58: =IFERROR(AC58-AK58,"") -> 2.3610959
S59: 54 | T59: Brent | U59: Michael | V59: =IFERROR(AVERAGEIFS(points,managers,'Owner View'!T59,opponent,'Owner View'!U59,outcome,"W"),"") -> 111.71429 | W59: =IFERROR(V59-VLOOKUP(T59,'SFFL Main Page'!$B$4:$L$20,9,FALSE),"") -> 6.356391 | X59: =IFERROR(COUNTIFS(managers,'Owner View'!T59,opponent,'Owner View'!U59,outcome,"W"),"") -> 7 | Y59: =IFERROR(AVERAGEIFS(points,managers,'Owner View'!T59,opponent,'Owner View'!U59,outcome,"L"),"") -> 79.5 | Z59: =IFERROR(Y59-VLOOKUP(T59,'SFFL Main Page'!$B$4:$L$20,10,FALSE),"") -> -4.0769231 | AA59: =IFERROR(COUNTIFS(managers,'Owner View'!T59,opponent,'Owner View'!U59,outcome,"L"),"") -> 4 | AB59: =IFERROR(((V59*X59)+(Y59*AA59))/SUM(X59,AA59),"") -> 100 | AC59: =IFERROR(AB59-VLOOKUP(T59,'SFFL Main Page'!$B$4:$L$20,8,FALSE),"") -> 2.4391892 | AD59: =IFERROR(AVERAGEIFS(points,managers,'Owner View'!U59,opponent,'Owner View'!T59,outcome,"W"),"") -> 109.5 | AE59: =IFERROR(AD59-VLOOKUP(U59,'SFFL Main Page'!$B$4:$L$20,9,FALSE),"") -> 6.5744681 | AF59: =IFERROR(COUNTIFS(managers,'Owner View'!U59,opponent,'Owner View'!T59,outcome,"W"),"") -> 4 | AG59: =IFERROR(AVERAGEIFS(points,managers,'Owner View'!U59,opponent,'Owner View'!T59,outcome,"L"),"") -> 80.857143 | AH59: =IFERROR(AG59-VLOOKUP(U59,'SFFL Main Page'!$B$4:$L$20,10,FALSE),"") -> 0.22423146 | AI59: =IFERROR(COUNTIFS(managers,'Owner View'!U59,opponent,'Owner View'!T59,outcome,"L"),"") -> 7 | AJ59: =IFERROR(((AD59*AF59)+(AG59*AI59))/SUM(AF59,AI59),"") -> 91.272727 | AK59: =IFERROR(AJ59-VLOOKUP(U59,'SFFL Main Page'!$B$4:$L$20,8,FALSE),"") -> -1.5663532 | AL59: =IFERROR(AC59-AK59,"") -> 4.0055424
... S215: 210 | T215: Watty | U215: Russell | V215: =IFERROR(AVERAGEIFS(points,managers,'Owner View'!T215,opponent,'Owner View'!U215,outcome,"W"),"") -> 91.166667 | W215: =IFERROR(V215-VLOOKUP(T215,'SFFL Main Page'!$B$4:$L$20,9,FALSE),"") -> -13.592369 | X215: =IFERROR(COUNTIFS(managers,'Owner View'!T215,opponent,'Owner View'!U215,outcome,"W"),"") -> 6 | Y215: =IFERROR(AVERAGEIFS(points,managers,'Owner View'!T215,opponent,'Owner View'!U215,outcome,"L"),"") -> 80.272727 | Z215: =IFERROR(Y215-VLOOKUP(T215,'SFFL Main Page'!$B$4:$L$20,10,FALSE),"") -> 3.7122877 | AA215: =IFERROR(COUNTIFS(managers,'Owner View'!T215,opponent,'Owner View'!U215,outcome,"L"),"") -> 11 | AB215: =IFERROR(((V215*X215)+(Y215*AA215))/SUM(X215,AA215),"") -> 84.117647 | AC215: =IFERROR(AB215-VLOOKUP(T215,'SFFL Main Page'!$B$4:$L$20,8,FALSE),"") -> -5.8938472 | AD215: =IFERROR(AVERAGEIFS(points,managers,'Owner View'!U215,opponent,'Owner View'!T215,outcome,"W"),"") -> 100.45455 | AE215: =IFERROR(AD215-VLOOKUP(U215,'SFFL Main Page'!$B$4:$L$20,9,FALSE),"") -> -5.8787879 | AF215: =IFERROR(COUNTIFS(managers,'Owner View'!U215,opponent,'Owner View'!T215,outcome,"W"),"") -> 11 | AG215: =IFERROR(AVERAGEIFS(points,managers,'Owner View'!U215,opponent,'Owner View'!T215,outcome,"L"),"") -> 72.333333 | AH215: =IFERROR(AG215-VLOOKUP(U215,'SFFL Main Page'!$B$4:$L$20,10,FALSE),"") -> -8.5813008 | AI215: =IFERROR(COUNTIFS(managers,'Owner View'!U215,opponent,'Owner View'!T215,outcome,"L"),"") -> 6 | AJ215: =IFERROR(((AD215*AF215)+(AG215*AI215))/SUM(AF215,AI215),"") -> 90.529412 | AK215: =IFERROR(AJ215-VLOOKUP(U215,'SFFL Main Page'!$B$4:$L$20,8,FALSE),"") -> -3.6947262 | AL215: =IFERROR(AC215-AK215,"") -> -2.199121

Sheet Compare Schedules
A1: Year | B1: 2025
A2: Owner | B2: Watty | E2: Other Owner | F2: Russell
A3: Record | B3: =COUNTIFS(managers,B2,outcome,"W",season,B1)&"-"&COUNTIFS(managers,B2,outcome,"L",season,B1) -> 5-9 | E3: Record | F3: =COUNTIFS(managers,F2,outcome,"W",season,B1)&"-"&COUNTIFS(managers,F2,outcome,"L",season,B1) -> 10-4
A4: New Record | B4: =COUNTIF(D25:D38,"W")&"-"&COUNTIF(D25:D38,"L") -> 6-8 | E4: New Record | F4: =COUNTIF(G25:G38,"W")&"-"&COUNTIF(G25:G38,"L") -> 9-5
L5: Weekly Rank | M5: Michael
B6: =B2 -> Watty | E6: =F2 -> Russell | L6: 1 | M6: 3
A7: Week | B7: Score | C7: Opp Score | D7: Result | E7: Score | F7: Opp Score | G7: Result | L7: 2 | M7: 9
A8: 1 | B8: =VLOOKUP($B$1&$B$2&A8,'Regular Season Data'!A:O,9,FALSE) -> 96 | C8: =VLOOKUP($B$1&$B$2&A8,'Regular Season Data'!A:P,16,FALSE) -> 104 | D8: =IF(B8>C8,"W","L") -> L | E8: =VLOOKUP($B$1&$F$2&A8,'Regular Season Data'!A:O,9,FALSE) -> 102 | F8: =VLOOKUP($B$1&$F$2&A8,'Regular Season Data'!A:P,16,FALSE) -> 118 | G8: =IF(E8>F8,"W","L") -> L | L8: 3 | M8: 1
A9: 2 | B9: =VLOOKUP($B$1&$B$2&A9,'Regular Season Data'!A:O,9,FALSE) -> 78 | C9: =VLOOKUP($B$1&$B$2&A9,'Regular Season Data'!A:P,16,FALSE) -> 97 | D9: =IF(B9>C9,"W","L") -> L | E9: =VLOOKUP($B$1&$F$2&A9,'Regular Season Data'!A:O,9,FALSE) -> 97 | F9: =VLOOKUP($B$1&$F$2&A9,'Regular Season Data'!A:P,16,FALSE) -> 78 | G9: =IF(E9>F9,"W","L") -> W | L9: 4 | M9: 2
A10: 3 | B10: =VLOOKUP($B$1&$B$2&A10,'Regular Season Data'!A:O,9,FALSE) -> 111 | C10: =VLOOKUP($B$1&$B$2&A10,'Regular Season Data'!A:P,16,FALSE) -> 107 | D10: =IF(B10>C10,"W","L") -> W | E10: =VLOOKUP($B$1&$F$2&A10,'Regular Season Data'!A:O,9,FALSE) -> 118 | F10: =VLOOKUP($B$1&$F$2&A10,'Regular Season Data'!A:P,16,FALSE) -> 118.1 | G10: =IF(E10>F10,"W","L") -> L | L10: 5 | M10: 12
A11: 4 | B11: =VLOOKUP($B$1&$B$2&A11,'Regular Season Data'!A:O,9,FALSE) -> 113 | C11: =VLOOKUP($B$1&$B$2&A11,'Regular Season Data'!A:P,16,FALSE) -> 115 | D11: =IF(B11>C11,"W","L") -> L | E11: =VLOOKUP($B$1&$F$2&A11,'Regular Season Data'!A:O,9,FALSE) -> 171 | F11: =VLOOKUP($B$1&$F$2&A11,'Regular Season Data'!A:P,16,FALSE) -> 99 | G11: =IF(E11>F11,"W","L") -> W | L11: 6 | M11: 8
A12: 5 | B12: =VLOOKUP($B$1&$B$2&A12,'Regular Season Data'!A:O,9,FALSE) -> 106 | C12: =VLOOKUP($B$1&$B$2&A12,'Regular Season Data'!A:P,16,FALSE) -> 112 | D12: =IF(B12>C12,"W","L") -> L | E12: =VLOOKUP($B$1&$F$2&A12,'Regular Season Data'!A:O,9,FALSE) -> 98 | F12: =VLOOKUP($B$1&$F$2&A12,'Regular Season Data'!A:P,16,FALSE) -> 100 | G12: =IF(E12>F12,"W","L") -> L | L12: 7 | M12: 6
A13: 6 | B13: =VLOOKUP($B$1&$B$2&A13,'Regular Season Data'!A:O,9,FALSE) -> 54 | C13: =VLOOKUP($B$1&$B$2&A13,'Regular Season Data'!A:P,16,FALSE) -> 101 | D13: =IF(B13>C13,"W","L") -> L | E13: =VLOOKUP($B$1&$F$2&A13,'Regular Season Data'!A:O,9,FALSE) -> 138 | F13: =VLOOKUP($B$1&$F$2&A13,'Regular Season Data'!A:P,16,FALSE) -> 81 | G13: =IF(E13>F13,"W","L") -> W | L13: 8 | M13: 4
A14: 7 | B14: =VLOOKUP($B$1&$B$2&A14,'Regular Season Data'!A:O,9,FALSE) -> 104 | C14: =VLOOKUP($B$1&$B$2&A14,'Regular Season Data'!A:P,16,FALSE) -> 76 | D14: =IF(B14>C14,"W","L") -> W | E14: =VLOOKUP($B$1&$F$2&A14,'Regular Season Data'!A:O,9,FALSE) -> 134 | F14: =VLOOKUP($B$1&$F$2&A14,'Regular Season Data'!A:P,16,FALSE) -> 85 | G14: =IF(E14>F14,"W","L") -> W | L14: 9 | M14: 11
A15: 8 | B15: =VLOOKUP($B$1&$B$2&A15,'Regular Season Data'!A:O,9,FALSE) -> 111 | C15: =VLOOKUP($B$1&$B$2&A15,'Regular Season Data'!A:P,16,FALSE) -> 117 | D15: =IF(B15>C15,"W","L") -> L | E15: =VLOOKUP($B$1&$F$2&A15,'Regular Season Data'!A:O,9,FALSE) -> 121 | F15: =VLOOKUP($B$1&$F$2&A15,'Regular Season Data'!A:P,16,FALSE) -> 101 | G15: =IF(E15>F15,"W","L") -> W | L15: 10 | M15: 11
A16: 9 | B16: =VLOOKUP($B$1&$B$2&A16,'Regular Season Data'!A:O,9,FALSE) -> 127 | C16: =VLOOKUP($B$1&$B$2&A16,'Regular Season Data'!A:P,16,FALSE) -> 123 | D16: =IF(B16>C16,"W","L") -> W | E16: =VLOOKUP($B$1&$F$2&A16,'Regular Season Data'!A:O,9,FALSE) -> 129 | F16: =VLOOKUP($B$1&$F$2&A16,'Regular Season Data'!A:P,16,FALSE) -> 127 | G16: =IF(E16>F16,"W","L") -> W | L16: 11 | M16: 8
A17: 10 | B17: =VLOOKUP($B$1&$B$2&A17,'Regular Season Data'!A:O,9,FALSE) -> 55 | C17: =VLOOKUP($B$1&$B$2&A17,'Regular Season Data'!A:P,16,FALSE) -> 99 | D17: =IF(B17>C17,"W","L") -> L | E17: =VLOOKUP($B$1&$F$2&A17,'Regular Season Data'!A:O,9,FALSE) -> 100 | F17: =VLOOKUP($B$1&$F$2&A17,'Regular Season Data'!A:P,16,FALSE) -> 91 | G17: =IF(E17>F17,"W","L") -> W | L17: 12 | M17: 10
A18: 11 | B18: =VLOOKUP($B$1&$B$2&A18,'Regular Season Data'!A:O,9,FALSE) -> 65 | C18: =VLOOKUP($B$1&$B$2&A18,'Regular Season Data'!A:P,16,FALSE) -> 137 | D18: =IF(B18>C18,"W","L") -> L | E18: =VLOOKUP($B$1&$F$2&A18,'Regular Season Data'!A:O,9,FALSE) -> 126 | F18: =VLOOKUP($B$1&$F$2&A18,'Regular Season Data'!A:P,16,FALSE) -> 90 | G18: =IF(E18>F18,"W","L") -> W | L18: 13 | M18: 9
A19: 12 | B19: =VLOOKUP($B$1&$B$2&A19,'Regular Season Data'!A:O,9,FALSE) -> 128 | C19: =VLOOKUP($B$1&$B$2&A19,'Regular Season Data'!A:P,16,FALSE) -> 106 | D19: =IF(B19>C19,"W","L") -> W | E19: =VLOOKUP($B$1&$F$2&A19,'Regular Season Data'!A:O,9,FALSE) -> 136 | F19: =VLOOKUP($B$1&$F$2&A19,'Regular Season Data'!A:P,16,FALSE) -> 101 | G19: =IF(E19>F19,"W","L") -> W | L19: 14 | M19: 7
A20: 13 | B20: =VLOOKUP($B$1&$B$2&A20,'Regular Season Data'!A:O,9,FALSE) -> 117 | C20: =VLOOKUP($B$1&$B$2&A20,'Regular Season Data'!A:P,16,FALSE) -> 81 | D20: =IF(B20>C20,"W","L") -> W | E20: =VLOOKUP($B$1&$F$2&A20,'Regular Season Data'!A:O,9,FALSE) -> 82 | F20: =VLOOKUP($B$1&$F$2&A20,'Regular Season Data'!A:P,16,FALSE) -> 109 | G20: =IF(E20>F20,"W","L") -> L | M20: =AVERAGE(M6:M19) -> 7.2142857
A21: 14 | B21: =VLOOKUP($B$1&$B$2&A21,'Regular Season Data'!A:O,9,FALSE) -> 58 | C21: =VLOOKUP($B$1&$B$2&A21,'Regular Season Data'!A:P,16,FALSE) -> 110 | D21: =IF(B21>C21,"W","L") -> L | E21: =VLOOKUP($B$1&$F$2&A21,'Regular Season Data'!A:O,9,FALSE) -> 97 | F21: =VLOOKUP($B$1&$F$2&A21,'Regular Season Data'!A:P,16,FALSE) -> 90 | G21: =IF(E21>F21,"W","L") -> W
A23: Alternative Schedule
A24: =A7 -> Week | B24: =B7 -> Score | C24: =F7 -> Opp Score | D24: =D7 -> Result | E24: =E7 -> Score | F24: =C7 -> Opp Score | G24: =G7 -> Result
A25: =A8 -> 1 | B25: =B8 -> 96 | C25: =F8 -> 118 | D25: =IF(B25>C25,"W","L") -> L | E25: =E8 -> 102 | F25: =C8 -> 104 | G25: =IF(E25>F25,"W","L") -> L
A26: =A9 -> 2 | B26: =B9 -> 78 | C26: =F9 -> 78 | D26: =IF(B26>C26,"W","L") -> L | E26: =E9 -> 97 | F26: =C9 -> 97 | G26: =IF(E26>F26,"W","L") -> L
A27: =A10 -> 3 | B27: =B10 -> 111 | C27: =F10 -> 118.1 | D27: =IF(B27>C27,"W","L") -> L | E27: =E10 -> 118 | F27: =C10 -> 107 | G27: =IF(E27>F27,"W","L") -> W
A28: =A11 -> 4 | B28: =B11 -> 113 | C28: =F11 -> 99 | D28: =IF(B28>C28,"W","L") -> W | E28: =E11 -> 171 | F28: =C11 -> 115 | G28: =IF(E28>F28,"W","L") -> W
A29: =A12 -> 5 | B29: =B12 -> 106 | C29: =F12 -> 100 | D29: =IF(B29>C29,"W","L") -> W | E29: =E12 -> 98 | F29: =C12 -> 112 | G29: =IF(E29>F29,"W","L") -> L
A30: =A13 -> 6 | B30: =B13 -> 54 | C30: =F13 -> 81 | D30: =IF(B30>C30,"W","L") -> L | E30: =E13 -> 138 | F30: =C13 -> 101 | G30: =IF(E30>F30,"W","L") -> W
A31: =A14 -> 7 | B31: =B14 -> 104 | C31: =F14 -> 85 | D31: =IF(B31>C31,"W","L") -> W | E31: =E14 -> 134 | F31: =C14 -> 76 | G31: =IF(E31>F31,"W","L") -> W
A32: =A15 -> 8 | B32: =B15 -> 111 | C32: =F15 -> 101 | D32: =IF(B32>C32,"W","L") -> W | E32: =E15 -> 121 | F32: =C15 -> 117 | G32: =IF(E32>F32,"W","L") -> W
A33: =A16 -> 9 | B33: =B16 -> 127 | C33: =F16 -> 127 | D33: =IF(B33>C33,"W","L") -> L | E33: =E16 -> 129 | F33: =C16 -> 123 | G33: =IF(E33>F33,"W","L") -> W
A34: =A17 -> 10 | B34: =B17 -> 55 | C34: =F17 -> 91 | D34: =IF(B34>C34,"W","L") -> L | E34: =E17 -> 100 | F34: =C17 -> 99 | G34: =IF(E34>F34,"W","L") -> W
A35: =A18 -> 11 | B35: =B18 -> 65 | C35: =F18 -> 90 | D35: =IF(B35>C35,"W","L") -> L | E35: =E18 -> 126 | F35: =C18 -> 137 | G35: =IF(E35>F35,"W","L") -> L
A36: =A19 -> 12 | B36: =B19 -> 128 | C36: =F19 -> 101 | D36: =IF(B36>C36,"W","L") -> W | E36: =E19 -> 136 | F36: =C19 -> 106 | G36: =IF(E36>F36,"W","L") -> W
... A38: =A21 -> 14 | B38: =B21 -> 58 | C38: =F21 -> 90 | D38: =IF(B38>C38,"W","L") -> L | E38: =E21 -> 97 | F38: =C21 -> 110 | G38: =IF(E38>F38,"W","L") -> L

Sheet Regular Season Data
A1: Game ID | B1: Rank | C1: Rank2 | D1: Manager | E1: Opponent | F1: Season | G1: Week | H1: Game | I1: Points | J1: Diff | K1: Outcome | L1: Manager 2 | M1: Division | N1: vs Division | O1: Combined Points | P1: Opp Score
A2: =F2&D2&G2 -> 2013Mark1 | B2: =RANK(J2,diff) -> 62 | C2: =RANK(I2,points) -> 64 | D2: Mark | E2: =D3 -> Michael | F2: 2013 | G2: 1 | H2: 1.1 | I2: 138 | J2: =I2-I3 -> 58 | K2: =IF(J2>0,"W",IF(J2<0,"L","T")) -> W | L2: =D2 -> Mark | M2: =VLOOKUP(L2,References!$A$2:$B$16,2,FALSE) -> AKCOVA | N2: =IF(M2=M3,"N","Y") -> N | O2: =SUM(I2:I3) -> 218 | P2: =I2-J2 -> 80
A3: =F3&D3&G3 -> 2013Michael1 | B3: =RANK(J3,diff) -> 2024 | C3: =RANK(I3,points) -> 1406 | D3: Michael | E3: =D2 -> Mark | F3: 2013 | G3: 1 | H3: 1.2 | I3: 80 | J3: =I3-I2 -> -58 | K3: =IF(J3>0,"W",IF(J3<0,"L","T")) -> L | L3: =D3 -> Michael | M3: =VLOOKUP(L3,References!$A$2:$B$16,2,FALSE) -> AKCOVA | N3: =IF(M3=M2,"N","Y") -> N | O3: =SUM(I2:I3) -> 218 | P3: =I3-J3 -> 138
A4: =F4&D4&G4 -> 2013Watty1 | B4: =RANK(J4,diff) -> 1145 | C4: =RANK(I4,points) -> 1282 | D4: Watty | E4: =D5 -> BR | F4: 2013 | G4: 1 | H4: 2.1 | I4: 83 | J4: =I4-I5 -> -4 | K4: =IF(J4>0,"W",IF(J4<0,"L","T")) -> L | L4: =D4 -> Watty | M4: =VLOOKUP(L4,References!$A$2:$B$16,2,FALSE) -> AKCOVA | N4: =IF(M4=M5,"N","Y") -> N | O4: =SUM(I4:I5) -> 170 | P4: =I4-J4 -> 87
A5: =F5&D5&G5 -> 2013BR1 | B5: =RANK(J5,diff) -> 917 | C5: =RANK(I5,points) -> 1143 | D5: BR | E5: =D4 -> Watty | F5: 2013 | G5: 1 | H5: 2.2 | I5: 87 | J5: =I5-I4 -> 4 | K5: =IF(J5>0,"W",IF(J5<0,"L","T")) -> W | L5: =D5 -> BR | M5: =VLOOKUP(L5,References!$A$2:$B$16,2,FALSE) -> AKCOVA | N5: =IF(M5=M4,"N","Y") -> N | O5: =SUM(I4:I5) -> 170 | P5: =I5-J5 -> 83
A6: =F6&D6&G6 -> 2013Emily1 | B6: =RANK(J6,diff) -> 1869 | C6: =RANK(I6,points) -> 412 | D6: Emily | E6: =D7 -> Brian | F6: 2013 | G6: 1 | H6: 3.1 | I6: 110 | J6: =I6-I7 -> -38 | K6: =IF(J6>0,"W",IF(J6<0,"L","T")) -> L | L6: =D6 -> Emily | M6: =VLOOKUP(L6,References!$A$2:$B$16,2,FALSE) -> TEXAROK | N6: =IF(M6=M7,"N","Y") -> N | O6: =SUM(I6:I7) -> 258 | P6: =I6-J6 -> 148
A7: =F7&D7&G7 -> 2013Brian1 | B7: =RANK(J7,diff) -> 210 | C7: =RANK(I7,points) -> 31 | D7: Brian | E7: =D6 -> Emily | F7: 2013 | G7: 1 | H7: 3.2 | I7: 148 | J7: =I7-I6 -> 38 | K7: =IF(J7>0,"W",IF(J7<0,"L","T")) -> W | L7: =D7 -> Brian | M7: =VLOOKUP(L7,References!$A$2:$B$16,2,FALSE) -> TEXAROK | N7: =IF(M7=M6,"N","Y") -> N | O7: =SUM(I6:I7) -> 258 | P7: =I7-J7 -> 110
A8: =F8&D8&G8 -> 2013Abby1 | B8: =RANK(J8,diff) -> 150 | C8: =RANK(I8,points) -> 78 | D8: Abby | E8: =D9 -> Russell | F8: 2013 | G8: 1 | H8: 4.1 | I8: 135 | J8: =I8-I9 -> 44 | K8: =IF(J8>0,"W",IF(J8<0,"L","T")) -> W | L8: =D8 -> Abby | M8: =VLOOKUP(L8,References!$A$2:$B$16,2,FALSE) -> AKCOVA | N8: =IF(M8=M9,"N","Y") -> Y | O8: =SUM(I8:I9) -> 226 | P8: =I8-J8 -> 91
A9: =F9&D9&G9 -> 2013Russell1 | B9: =RANK(J9,diff) -> 1933 | C9: =RANK(I9,points) -> 992 | D9: Russell | E9: =D8 -> Abby | F9: 2013 | G9: 1 | H9: 4.2 | I9: 91 | J9: =I9-I8 -> -44 | K9: =IF(J9>0,"W",IF(J9<0,"L","T")) -> L | L9: =D9 -> Russell | M9: =VLOOKUP(L9,References!$A$2:$B$16,2,FALSE) -> TEXAROK | N9: =IF(M9=M8,"N","Y") -> Y | O9: =SUM(I8:I9) -> 226 | P9: =I9-J9 -> 135
A10: =F10&D10&G10 -> 2013David1 | B10: =RANK(J10,diff) -> 517 | C10: =RANK(I10,points) -> 746 | D10: David | E10: =D11 -> Matt | F10: 2013 | G10: 1 | H10: 5.1 | I10: 98 | J10: =I10-I11 -> 20 | K10: =IF(J10>0,"W",IF(J10<0,"L","T")) -> W | L10: =D10 -> David | M10: =VLOOKUP(L10,References!$A$2:$B$16,2,FALSE) -> TEXAROK | N10: =IF(M10=M11,"N","Y") -> N | O10: =SUM(I10:I11) -> 176 | P10: =I10-J10 -> 78
A11: =F11&D11&G11 -> 2013Matt1 | B11: =RANK(J11,diff) -> 1546 | C11: =RANK(I11,points) -> 1468 | D11: Matt | E11: =D10 -> David | F11: 2013 | G11: 1 | H11: 5.2 | I11: 78 | J11: =I11-I10 -> -20 | K11: =IF(J11>0,"W",IF(J11<0,"L","T")) -> L | L11: =D11 -> Matt | M11: =VLOOKUP(L11,References!$A$2:$B$16,2,FALSE) -> TEXAROK | N11: =IF(M11=M10,"N","Y") -> N | O11: =SUM(I10:I11) -> 176 | P11: =I11-J11 -> 98
A12: =F12&D12&G12 -> 2013BR2 | B12: =RANK(J12,diff) -> 1907 | C12: =RANK(I12,points) -> 1365 | D12: BR | E12: =D13 -> Michael | F12: 2013 | G12: 2 | H12: 1.1 | I12: 81 | J12: =I12-I13 -> -41 | K12: =IF(J12>0,"W",IF(J12<0,"L","T")) -> L | L12: =D12 -> BR | M12: =VLOOKUP(L12,References!$A$2:$B$16,2,FALSE) -> AKCOVA | N12: =IF(M12=M13,"N","Y") -> N | O12: =SUM(I12:I13) -> 203 | P12: =I12-J12 -> 122
A13: =F13&D13&G13 -> 2013Michael2 | B13: =RANK(J13,diff) -> 180 | C13: =RANK(I13,points) -> 197 | D13: Michael | E13: =D12 -> BR | F13: 2013 | G13: 2 | H13: 1.2 | I13: 122 | J13: =I13-I12 -> 41 | K13: =IF(J13>0,"W",IF(J13<0,"L","T")) -> W | L13: =D13 -> Michael | M13: =VLOOKUP(L13,References!$A$2:$B$16,2,FALSE) -> AKCOVA | N13: =IF(M13=M12,"N","Y") -> N | O13: =SUM(I12:I13) -> 203 | P13: =I13-J13 -> 81
A14: =F14&D14&G14 -> 2013Russell2 | B14: =RANK(J14,diff) -> 1475 | C14: =RANK(I14,points) -> 1512 | D14: Russell | E14: =D15 -> Mark | F14: 2013 | G14: 2 | H14: 2.1 | I14: 77 | J14: =I14-I15 -> -17 | K14: =IF(J14>0,"W",IF(J14<0,"L","T")) -> L | L14: =D14 -> Russell | M14: =VLOOKUP(L14,References!$A$2:$B$16,2,FALSE) -> TEXAROK | N14: =IF(M14=M15,"N","Y") -> Y | O14: =SUM(I14:I15) -> 171 | P14: =I14-J14 -> 94
A15: =F15&D15&G15 -> 2013Mark2 | B15: =RANK(J15,diff) -> 597 | C15: =RANK(I15,points) -> 893 | D15: Mark | E15: =D14 -> Russell | F15: 2013 | G15: 2 | H15: 2.2 | I15: 94 | J15: =I15-I14 -> 17 | K15: =IF(J15>0,"W",IF(J15<0,"L","T")) -> W | L15: =D15 -> Mark | M15: =VLOOKUP(L15,References!$A$2:$B$16,2,FALSE) -> AKCOVA | N15: =IF(M15=M14,"N","Y") -> Y | O15: =SUM(I14:I15) -> 171 | P15: =I15-J15 -> 77
A16: =F16&D16&G16 -> 2013Matt2 | B16: =RANK(J16,diff) -> 284 | C16: =RANK(I16,points) -> 119 | D16: Matt | E16: =D17 -> Brian | F16: 2013 | G16: 2 | H16: 3.1 | I16: 129 | J16: =I16-I17 -> 32 | K16: =IF(J16>0,"W",IF(J16<0,"L","T")) -> W | L16: =D16 -> Matt | M16: =VLOOKUP(L16,References!$A$2:$B$16,2,FALSE) -> TEXAROK | N16: =IF(M16=M17,"N","Y") -> N | O16: =SUM(I16:I17) -> 226 | P16: =I16-J16 -> 97
A17: =F17&D17&G17 -> 2013Brian2 | B17: =RANK(J17,diff) -> 1797 | C17: =RANK(I17,points) -> 777 | D17: Brian | E17: =D16 -> Matt | F17: 2013 | G17: 2 | H17: 3.2 | I17: 97 | J17: =I17-I16 -> -32 | K17: =IF(J17>0,"W",IF(J17<0,"L","T")) -> L | L17: =D17 -> Brian | M17: =VLOOKUP(L17,References!$A$2:$B$16,2,FALSE) -> TEXAROK | N17: =IF(M17=M16,"N","Y") -> N | O17: =SUM(I16:I17) -> 226 | P17: =I17-J17 -> 129
A18: =F18&D18&G18 -> 2013David2 | B18: =RANK(J18,diff) -> 1775 | C18: =RANK(I18,points) -> 1241 | D18: David | E18: =D19 -> Watty | F18: 2013 | G18: 2 | H18: 4.1 | I18: 84 | J18: =I18-I19 -> -31 | K18: =IF(J18>0,"W",IF(J18<0,"L","T")) -> L | L18: =D18 -> David | M18: =VLOOKUP(L18,References!$A$2:$B$16,2,FALSE) -> TEXAROK | N18: =IF(M18=M19,"N","Y") -> Y | O18: =SUM(I18:I19) -> 199 | P18: =I18-J18 -> 115
A19: =F19&D19&G19 -> 2013Watty2 | B19: =RANK(J19,diff) -> 297 | C19: =RANK(I19,points) -> 305 | D19: Watty | E19: =D18 -> David | F19: 2013 | G19: 2 | H19: 4.2 | I19: 115 | J19: =I19-I18 -> 31 | K19: =IF(J19>0,"W",IF(J19<0,"L","T")) -> W | L19: =D19 -> Watty | M19: =VLOOKUP(L19,References!$A$2:$B$16,2,FALSE) -> AKCOVA | N19: =IF(M19=M18,"N","Y") -> Y | O19: =SUM(I18:I19) -> 199 | P19: =I19-J19 -> 84
A20: =F20&D20&G20 -> 2013Abby2 | B20: =RANK(J20,diff) -> 597 | C20: =RANK(I20,points) -> 1815 | D20: Abby | E20: =D21 -> Emily | F20: 2013 | G20: 2 | H20: 5.1 | I20: 67 | J20: =I20-I21 -> 17 | K20: =IF(J20>0,"W",IF(J20<0,"L","T")) -> W | L20: =D20 -> Abby | M20: =VLOOKUP(L20,References!$A$2:$B$16,2,FALSE) -> AKCOVA | N20: =IF(M20=M21,"N","Y") -> Y | O20: =SUM(I20:I21) -> 117 | P20: =I20-J20 -> 50
A21: =F21&D21&G21 -> 2013Emily2 | B21: =RANK(J21,diff) -> 1475 | C21: =RANK(I21,points) -> 2049 | D21: Emily | E21: =D20 -> Abby | F21: 2013 | G21: 2 | H21: 5.2 | I21: 50 | J21: =I21-I20 -> -17 | K21: =IF(J21>0,"W",IF(J21<0,"L","T")) -> L | L21: =D21 -> Emily | M21: =VLOOKUP(L21,References!$A$2:$B$16,2,FALSE) -> TEXAROK | N21: =IF(M21=M20,"N","Y") -> Y | O21: =SUM(I20:I21) -> 117 | P21: =I21-J21 -> 67
A22: =F22&D22&G22 -> 2013Michael3 | B22: =RANK(J22,diff) -> 1357 | C22: =RANK(I22,points) -> 893 | D22: Michael | E22: =D23 -> Watty | F22: 2013 | G22: 3 | H22: 1.1 | I22: 94 | J22: =I22-I23 -> -12 | K22: =IF(J22>0,"W",IF(J22<0,"L","T")) -> L | L22: =D22 -> Michael | M22: =VLOOKUP(L22,References!$A$2:$B$16,2,FALSE) -> AKCOVA | N22: =IF(M22=M23,"N","Y") -> N | O22: =SUM(I22:I23) -> 200 | P22: =I22-J22 -> 106
A23: =F23&D23&G23 -> 2013Watty3 | B23: =RANK(J23,diff) -> 713 | C23: =RANK(I23,points) -> 509 | D23: Watty | E23: =D22 -> Michael | F23: 2013 | G23: 3 | H23: 1.2 | I23: 106 | J23: =I23-I22 -> 12 | K23: =IF(J23>0,"W",IF(J23<0,"L","T")) -> W | L23: =D23 -> Watty | M23: =VLOOKUP(L23,References!$A$2:$B$16,2,FALSE) -> AKCOVA | N23: =IF(M23=M22,"N","Y") -> N | O23: =SUM(I22:I23) -> 200 | P23: =I23-J23 -> 94
A24: =F24&D24&G24 -> 2013Brian3 | B24: =RANK(J24,diff) -> 865 | C24: =RANK(I24,points) -> 746 | D24: Brian | E24: =D25 -> David | F24: 2013 | G24: 3 | H24: 2.1 | I24: 98 | J24: =I24-I25 -> 6 | K24: =IF(J24>0,"W",IF(J24<0,"L","T")) -> W | L24: =D24 -> Brian | M24: =VLOOKUP(L24,References!$A$2:$B$16,2,FALSE) -> TEXAROK | N24: =IF(M24=M25,"N","Y") -> N | O24: =SUM(I24:I25) -> 190 | P24: =I24-J24 -> 92
A25: =F25&D25&G25 -> 2013David3 | B25: =RANK(J25,diff) -> 1197 | C25: =RANK(I25,points) -> 958 | D25: David | E25: =D24 -> Brian | F25: 2013 | G25: 3 | H25: 2.2 | I25: 92 | J25: =I25-I24 -> -6 | K25: =IF(J25>0,"W",IF(J25<0,"L","T")) -> L | L25: =D25 -> David | M25: =VLOOKUP(L25,References!$A$2:$B$16,2,FALSE) -> TEXAROK | N25: =IF(M25=M24,"N","Y") -> N | O25: =SUM(I24:I25) -> 190 | P25: =I25-J25 -> 98
A26: =F26&D26&G26 -> 2013Matt3 | B26: =RANK(J26,diff) -> 836 | C26: =RANK(I26,points) -> 1282 | D26: Matt | E26: =D27 -> Abby | F26: 2013 | G26: 3 | H26: 3.1 | I26: 83 | J26: =I26-I27 -> 7 | K26: =IF(J26>0,"W",IF(J26<0,"L","T")) -> W | L26: =D26 -> Matt | M26: =VLOOKUP(L26,References!$A$2:$B$16,2,FALSE) -> TEXAROK | N26: =IF(M26=M27,"N","Y") -> Y | O26: =SUM(I26:I27) -> 159 | P26: =I26-J26 -> 76
A27: =F27&D27&G27 -> 2013Abby3 | B27: =RANK(J27,diff) -> 1229 | C27: =RANK(I27,points) -> 1549 | D27: Abby | E27: =D26 -> Matt | F27: 2013 | G27: 3 | H27: 3.2 | I27: 76 | J27: =I27-I26 -> -7 | K27: =IF(J27>0,"W",IF(J27<0,"L","T")) -> L | L27: =D27 -> Abby | M27: =VLOOKUP(L27,References!$A$2:$B$16,2,FALSE) -> AKCOVA | N27: =IF(M27=M26,"N","Y") -> Y | O27: =SUM(I26:I27) -> 159 | P27: =I27-J27 -> 83
A28: =F28&D28&G28 -> 2013Emily3 | B28: =RANK(J28,diff) -> 1497 | C28: =RANK(I28,points) -> 1974 | D28: Emily | E28: =D29 -> Mark | F28: 2013 | G28: 3 | H28: 4.1 | I28: 58 | J28: =I28-I29 -> -18 | K28: =IF(J28>0,"W",IF(J28<0,"L","T")) -> L | L28: =D28 -> Emily | M28: =VLOOKUP(L28,References!$A$2:$B$16,2,FALSE) -> TEXAROK | N28: =IF(M28=M29,"N","Y") -> Y | O28: =SUM(I28:I29) -> 134 | P28: =I28-J28 -> 76
A29: =F29&D29&G29 -> 2013Mark3 | B29: =RANK(J29,diff) -> 571 | C29: =RANK(I29,points) -> 1549 | D29: Mark | E29: =D28 -> Emily | F29: 2013 | G29: 3 | H29: 4.2 | I29: 76 | J29: =I29-I28 -> 18 | K29: =IF(J29>0,"W",IF(J29<0,"L","T")) -> W | L29: =D29 -> Mark | M29: =VLOOKUP(L29,References!$A$2:$B$16,2,FALSE) -> AKCOVA | N29: =IF(M29=M28,"N","Y") -> Y | O29: =SUM(I28:I29) -> 134 | P29: =I29-J29 -> 58
A30: =F30&D30&G30 -> 2013BR3 | B30: =RANK(J30,diff) -> 1933 | C30: =RANK(I30,points) -> 1833 | D30: BR | E30: =D31 -> Russell | F30: 2013 | G30: 3 | H30: 5.1 | I30: 66 | J30: =I30-I31 -> -44 | K30: =IF(J30>0,"W",IF(J30<0,"L","T")) -> L | L30: =D30 -> BR | M30: =VLOOKUP(L30,References!$A$2:$B$16,2,FALSE) -> AKCOVA | N30: =IF(M30=M31,"N","Y") -> Y | O30: =SUM(I30:I31) -> 176 | P30: =I30-J30 -> 110
A31: =F31&D31&G31 -> 2013Russell3 | B31: =RANK(J31,diff) -> 150 | C31: =RANK(I31,points) -> 412 | D31: Russell | E31: =D30 -> BR | F31: 2013 | G31: 3 | H31: 5.2 | I31: 110 | J31: =I31-I30 -> 44 | K31: =IF(J31>0,"W",IF(J31<0,"L","T")) -> W | L31: =D31 -> Russell | M31: =VLOOKUP(L31,References!$A$2:$B$16,2,FALSE) -> TEXAROK | N31: =IF(M31=M30,"N","Y") -> Y | O31: =SUM(I30:I31) -> 176 | P31: =I31-J31 -> 66
A32: =F32&D32&G32 -> 2013Brian4 | B32: =RANK(J32,diff) -> 319 | C32: =RANK(I32,points) -> 197 | D32: Brian | E32: =D33 -> Michael | F32: 2013 | G32: 4 | H32: 1.1 | I32: 122 | J32: =I32-I33 -> 30 | K32: =IF(J32>0,"W",IF(J32<0,"L","T")) -> W | L32: =D32 -> Brian | M32: =VLOOKUP(L32,References!$A$2:$B$16,2,FALSE) -> TEXAROK | N32: =IF(M32=M33,"N","Y") -> Y | O32: =SUM(I32:I33) -> 214 | P32: =I32-J32 -> 92
A33: =F33&D33&G33 -> 2013Michael4 | B33: =RANK(J33,diff) -> 1753 | C33: =RANK(I33,points) -> 958 | D33: Michael | E33: =D32 -> Brian | F33: 2013 | G33: 4 | H33: 1.2 | I33: 92 | J33: =I33-I32 -> -30 | K33: =IF(J33>0,"W",IF(J33<0,"L","T")) -> L | L33: =D33 -> Michael | M33: =VLOOKUP(L33,References!$A$2:$B$16,2,FALSE) -> AKCOVA | N33: =IF(M33=M32,"N","Y") -> Y | O33: =SUM(I32:I33) -> 214 | P33: =I33-J33 -> 122
A34: =F34&D34&G34 -> 2013Emily4 | B34: =RANK(J34,diff) -> 803 | C34: =RANK(I34,points) -> 893 | D34: Emily | E34: =D35 -> Matt | F34: 2013 | G34: 4 | H34: 2.1 | I34: 94 | J34: =I34-I35 -> 8 | K34: =IF(J34>0,"W",IF(J34<0,"L","T")) -> W | L34: =D34 -> Emily | M34: =VLOOKUP(L34,References!$A$2:$B$16,2,FALSE) -> TEXAROK | N34: =IF(M34=M35,"N","Y") -> N | O34: =SUM(I34:I35) -> 180 | P34: =I34-J34 -> 86
A35: =F35&D35&G35 -> 2013Matt4 | B35: =RANK(J35,diff) -> 1258 | C35: =RANK(I35,points) -> 1173 | D35: Matt | E35: =D34 -> Emily | F35: 2013 | G35: 4 | H35: 2.2 | I35: 86 | J35: =I35-I34 -> -8 | K35: =IF(J35>0,"W",IF(J35<0,"L","T")) -> L | L35: =D35 -> Matt | M35: =VLOOKUP(L35,References!$A$2:$B$16,2,FALSE) -> TEXAROK | N35: =IF(M35=M34,"N","Y") -> N | O35: =SUM(I34:I35) -> 180 | P35: =I35-J35 -> 94
A36: =F36&D36&G36 -> 2013David4 | B36: =RANK(J36,diff) -> 1475 | C36: =RANK(I36,points) -> 1595 | D36: David | E36: =D37 -> Abby | F36: 2013 | G36: 4 | H36: 3.1 | I36: 75 | J36: =I36-I37 -> -17 | K36: =IF(J36>0,"W",IF(J36<0,"L","T")) -> L | L36: =D36 -> David | M36: =VLOOKUP(L36,References!$A$2:$B$16,2,FALSE) -> TEXAROK | N36: =IF(M36=M37,"N","Y") -> Y | O36: =SUM(I36:I37) -> 167 | P36: =I36-J36 -> 92
A37: =F37&D37&G37 -> 2013Abby4 | B37: =RANK(J37,diff) -> 597 | C37: =RANK(I37,points) -> 958 | D37: Abby | E37: =D36 -> David | F37: 2013 | G37: 4 | H37: 3.2 | I37: 92 | J37: =I37-I36 -> 17 | K37: =IF(J37>0,"W",IF(J37<0,"L","T")) -> W | L37: =D37 -> Abby | M37: =VLOOKUP(L37,References!$A$2:$B$16,2,FALSE) -> AKCOVA | N37: =IF(M37=M36,"N","Y") -> Y | O37: =SUM(I36:I37) -> 167 | P37: =I37-J37 -> 75
A38: =F38&D38&G38 -> 2013Mark4 | B38: =RANK(J38,diff) -> 1336 | C38: =RANK(I38,points) -> 714 | D38: Mark | E38: =D39 -> BR | F38: 2013 | G38: 4 | H38: 4.1 | I38: 99 | J38: =I38-I39 -> -11 | K38: =IF(J38>0,"W",IF(J38<0,"L","T")) -> L | L38: =D38 -> Mark | M38: =VLOOKUP(L38,References!$A$2:$B$16,2,FALSE) -> AKCOVA | N38: =IF(M38=M39,"N","Y") -> N | O38: =SUM(I38:I39) -> 209 | P38: =I38-J38 -> 110
A39: =F39&D39&G39 -> 2013BR4 | B39: =RANK(J39,diff) -> 737 | C39: =RANK(I39,points) -> 412 | D39: BR | E39: =D38 -> Mark | F39: 2013 | G39: 4 | H39: 4.2 | I39: 110 | J39: =I39-I38 -> 11 | K39: =IF(J39>0,"W",IF(J39<0,"L","T")) -> W | L39: =D39 -> BR | M39: =VLOOKUP(L39,References!$A$2:$B$16,2,FALSE) -> AKCOVA | N39: =IF(M39=M38,"N","Y") -> N | O39: =SUM(I38:I39) -> 209 | P39: =I39-J39 -> 99
A40: =F40&D40&G40 -> 2013Watty4 | B40: =RANK(J40,diff) -> 1497 | C40: =RANK(I40,points) -> 566 | D40: Watty | E40: =D41 -> Russell | F40: 2013 | G40: 4 | H40: 5.1 | I40: 104 | J40: =I40-I41 -> -18 | K40: =IF(J40>0,"W",IF(J40<0,"L","T")) -> L | L40: =D40 -> Watty | M40: =VLOOKUP(L40,References!$A$2:$B$16,2,FALSE) -> AKCOVA | N40: =IF(M40=M41,"N","Y") -> Y | O40: =SUM(I40:I41) -> 226 | P40: =I40-J40 -> 122
A41: =F41&D41&G41 -> 2013Russell4 | B41: =RANK(J41,diff) -> 571 | C41: =RANK(I41,points) -> 197 | D41: Russell | E41: =D40 -> Watty | F41: 2013 | G41: 4 | H41: 5.2 | I41: 122 | J41: =I41-I40 -> 18 | K41: =IF(J41>0,"W",IF(J41<0,"L","T")) -> W | L41: =D41 -> Russell | M41: =VLOOKUP(L41,References!$A$2:$B$16,2,FALSE) -> TEXAROK | N41: =IF(M41=M40,"N","Y") -> Y | O41: =SUM(I40:I41) -> 226 | P41: =I41-J41 -> 104
A42: =F42&D42&G42 -> 2013Russell5 | B42: =RANK(J42,diff) -> 1197 | C42: =RANK(I42,points) -> 926 | D42: Russell | E42: =D43 -> Michael | F42: 2013 | G42: 5 | H42: 1.1 | I42: 93 | J42: =I42-I43 -> -6 | K42: =IF(J42>0,"W",IF(J42<0,"L","T")) -> L | L42: =D42 -> Russell | M42: =VLOOKUP(L42,References!$A$2:$B$16,2,FALSE) -> TEXAROK | N42: =IF(M42=M43,"N","Y") -> Y | O42: =SUM(I42:I43) -> 192 | P42: =I42-J42 -> 99
A43: =F43&D43&G43 -> 2013Michael5 | B43: =RANK(J43,diff) -> 865 | C43: =RANK(I43,points) -> 714 | D43: Michael | E43: =D42 -> Russell | F43: 2013 | G43: 5 | H43: 1.2 | I43: 99 | J43: =I43-I42 -> 6 | K43: =IF(J43>0,"W",IF(J43<0,"L","T")) -> W | L43: =D43 -> Michael | M43: =VLOOKUP(L43,References!$A$2:$B$16,2,FALSE) -> AKCOVA | N43: =IF(M43=M42,"N","Y") -> Y | O43: =SUM(I42:I43) -> 192 | P43: =I43-J43 -> 93
A44: =F44&D44&G44 -> 2013Abby5 | B44: =RANK(J44,diff) -> 450 | C44: =RANK(I44,points) -> 566 | D44: Abby | E44: =D45 -> Brian | F44: 2013 | G44: 5 | H44: 2.1 | I44: 104 | J44: =I44-I45 -> 23 | K44: =IF(J44>0,"W",IF(J44<0,"L","T")) -> W | L44: =D44 -> Abby | M44: =VLOOKUP(L44,References!$A$2:$B$16,2,FALSE) -> AKCOVA | N44: =IF(M44=M45,"N","Y") -> Y | O44: =SUM(I44:I45) -> 185 | P44: =I44-J44 -> 81
A45: =F45&D45&G45 -> 2013Brian5 | B45: =RANK(J45,diff) -> 1625 | C45: =RANK(I45,points) -> 1365 | D45: Brian | E45: =D44 -> Abby | F45: 2013 | G45: 5 | H45: 2.2 | I45: 81 | J45: =I45-I44 -> -23 | K45: =IF(J45>0,"W",IF(J45<0,"L","T")) -> L | L45: =D45 -> Brian | M45: =VLOOKUP(L45,References!$A$2:$B$16,2,FALSE) -> TEXAROK | N45: =IF(M45=M44,"N","Y") -> Y | O45: =SUM(I44:I45) -> 185 | P45: =I45-J45 -> 104
A46: =F46&D46&G46 -> 2013David5 | B46: =RANK(J46,diff) -> 517 | C46: =RANK(I46,points) -> 1241 | D46: David | E46: =D47 -> Emily | F46: 2013 | G46: 5 | H46: 3.1 | I46: 84 | J46: =I46-I47 -> 20 | K46: =IF(J46>0,"W",IF(J46<0,"L","T")) -> W | L46: =D46 -> David | M46: =VLOOKUP(L46,References!$A$2:$B$16,2,FALSE) -> TEXAROK | N46: =IF(M46=M47,"N","Y") -> N | O46: =SUM(I46:I47) -> 148 | P46: =I46-J46 -> 64
A47: =F47&D47&G47 -> 2013Emily5 | B47: =RANK(J47,diff) -> 1546 | C47: =RANK(I47,points) -> 1867 | D47: Emily | E47: =D46 -> David | F47: 2013 | G47: 5 | H47: 3.2 | I47: 64 | J47: =I47-I46 -> -20 | K47: =IF(J47>0,"W",IF(J47<0,"L","T")) -> L | L47: =D47 -> Emily | M47: =VLOOKUP(L47,References!$A$2:$B$16,2,FALSE) -> TEXAROK | N47: =IF(M47=M46,"N","Y") -> N | O47: =SUM(I46:I47) -> 148 | P47: =I47-J47 -> 84
A48: =F48&D48&G48 -> 2013Matt5 | B48: =RANK(J48,diff) -> 1840 | C48: =RANK(I48,points) -> 1468 | D48: Matt | E48: =D49 -> BR | F48: 2013 | G48: 5 | H48: 4.1 | I48: 78 | J48: =I48-I49 -> -36 | K48: =IF(J48>0,"W",IF(J48<0,"L","T")) -> L | L48: =D48 -> Matt | M48: =VLOOKUP(L48,References!$A$2:$B$16,2,FALSE) -> TEXAROK | N48: =IF(M48=M49,"N","Y") -> Y | O48: =SUM(I48:I49) -> 192 | P48: =I48-J48 -> 114
A49: =F49&D49&G49 -> 2013BR5 | B49: =RANK(J49,diff) -> 238 | C49: =RANK(I49,points) -> 321 | D49: BR | E49: =D48 -> Matt | F49: 2013 | G49: 5 | H49: 4.2 | I49: 114 | J49: =I49-I48 -> 36 | K49: =IF(J49>0,"W",IF(J49<0,"L","T")) -> W | L49: =D49 -> BR | M49: =VLOOKUP(L49,References!$A$2:$B$16,2,FALSE) -> AKCOVA | N49: =IF(M49=M48,"N","Y") -> Y | O49: =SUM(I48:I49) -> 192 | P49: =I49-J49 -> 78
A50: =F50&D50&G50 -> 2013Watty5 | B50: =RANK(J50,diff) -> 116 | C50: =RANK(I50,points) -> 339 | D50: Watty | E50: =D51 -> Mark | F50: 2013 | G50: 5 | H50: 5.1 | I50: 113 | J50: =I50-I51 -> 49 | K50: =IF(J50>0,"W",IF(J50<0,"L","T")) -> W | L50: =D50 -> Watty | M50: =VLOOKUP(L50,References!$A$2:$B$16,2,FALSE) -> AKCOVA | N50: =IF(M50=M51,"N","Y") -> N | O50: =SUM(I50:I51) -> 177 | P50: =I50-J50 -> 64
A51: =F51&D51&G51 -> 2013Mark5 | B51: =RANK(J51,diff) -> 1975 | C51: =RANK(I51,points) -> 1867 | D51: Mark | E51: =D50 -> Watty | F51: 2013 | G51: 5 | H51: 5.2 | I51: 64 | J51: =I51-I50 -> -49 | K51: =IF(J51>0,"W",IF(J51<0,"L","T")) -> L | L51: =D51 -> Mark | M51: =VLOOKUP(L51,References!$A$2:$B$16,2,FALSE) -> AKCOVA | N51: =IF(M51=M50,"N","Y") -> N | O51: =SUM(I50:I51) -> 177 | P51: =I51-J51 -> 113
A52: =F52&D52&G52 -> 2013Michael6 | B52: =RANK(J52,diff) -> 1291 | C52: =RANK(I52,points) -> 1618 | D52: Michael | E52: =D53 -> Emily | F52: 2013 | G52: 6 | H52: 1.1 | I52: 74 | J52: =I52-I53 -> -9 | K52: =IF(J52>0,"W",IF(J52<0,"L","T")) -> L | L52: =D52 -> Michael | M52: =VLOOKUP(L52,References!$A$2:$B$16,2,FALSE) -> AKCOVA | N52: =IF(M52=M53,"N","Y") -> Y | O52: =SUM(I52:I53) -> 157 | P52: =I52-J52 -> 83
A53: =F53&D53&G53 -> 2013Emily6 | B53: =RANK(J53,diff) -> 782 | C53: =RANK(I53,points) -> 1282 | D53: Emily | E53: =D52 -> Michael | F53: 2013 | G53: 6 | H53: 1.2 | I53: 83 | J53: =I53-I52 -> 9 | K53: =IF(J53>0,"W",IF(J53<0,"L","T")) -> W | L53: =D53 -> Emily | M53: =VLOOKUP(L53,References!$A$2:$B$16,2,FALSE) -> TEXAROK | N53: =IF(M53=M52,"N","Y") -> Y | O53: =SUM(I52:I53) -> 157 | P53: =I53-J53 -> 74
A54: =F54&D54&G54 -> 2013Mark6 | B54: =RANK(J54,diff) -> 685 | C54: =RANK(I54,points) -> 714 | D54: Mark | E54: =D55 -> David | F54: 2013 | G54: 6 | H54: 2.1 | I54: 99 | J54: =I54-I55 -> 13 | K54: =IF(J54>0,"W",IF(J54<0,"L","T")) -> W | L54: =D54 -> Mark | M54: =VLOOKUP(L54,References!$A$2:$B$16,2,FALSE) -> AKCOVA | N54: =IF(M54=M55,"N","Y") -> Y | O54: =SUM(I54:I55) -> 185 | P54: =I54-J54 -> 86
A55: =F55&D55&G55 -> 2013David6 | B55: =RANK(J55,diff) -> 1381 | C55: =RANK(I55,points) -> 1173 | D55: David | E55: =D54 -> Mark | F55: 2013 | G55: 6 | H55: 2.2 | I55: 86 | J55: =I55-I54 -> -13 | K55: =IF(J55>0,"W",IF(J55<0,"L","T")) -> L | L55: =D55 -> David | M55: =VLOOKUP(L55,References!$A$2:$B$16,2,FALSE) -> TEXAROK | N55: =IF(M55=M54,"N","Y") -> Y | O55: =SUM(I54:I55) -> 185 | P55: =I55-J55 -> 99
A56: =F56&D56&G56 -> 2013Russell6 | B56: =RANK(J56,diff) -> 1040 | C56: =RANK(I56,points) -> 1365 | D56: Russell | E56: =D57 -> Matt | F56: 2013 | G56: 6 | H56: 3.1 | I56: 81 | J56: =I56-I57 -> 0 | K56: =IF(J56>0,"W",IF(J56<0,"L","T")) -> T | L56: =D56 -> Russell | M56: =VLOOKUP(L56,References!$A$2:$B$16,2,FALSE) -> TEXAROK | N56: =IF(M56=M57,"N","Y") -> N | O56: =SUM(I56:I57) -> 162 | P56: =I56-J56 -> 81
A57: =F57&D57&G57 -> 2013Matt6 | B57: =RANK(J57,diff) -> 1040 | C57: =RANK(I57,points) -> 1365 | D57: Matt | E57: =D56 -> Russell | F57: 2013 | G57: 6 | H57: 3.2 | I57: 81 | J57: =I57-I56 -> 0 | K57: =IF(J57>0,"W",IF(J57<0,"L","T")) -> T | L57: =D57 -> Matt | M57: =VLOOKUP(L57,References!$A$2:$B$16,2,FALSE) -> TEXAROK | N57: =IF(M57=M56,"N","Y") -> N | O57: =SUM(I56:I57) -> 162 | P57: =I57-J57 -> 81
A58: =F58&D58&G58 -> 2013Watty6 | B58: =RANK(J58,diff) -> 11 | C58: =RANK(I58,points) -> 128 | D58: Watty | E58: =D59 -> Abby | F58: 2013 | G58: 6 | H58: 4.1 | I58: 128 | J58: =I58-I59 -> 77 | K58: =IF(J58>0,"W",IF(J58<0,"L","T")) -> W | L58: =D58 -> Watty | M58: =VLOOKUP(L58,References!$A$2:$B$16,2,FALSE) -> AKCOVA | N58: =IF(M58=M59,"N","Y") -> N | O58: =SUM(I58:I59) -> 179 | P58: =I58-J58 -> 51
A59: =F59&D59&G59 -> 2013Abby6 | B59: =RANK(J59,diff) -> 2082 | C59: =RANK(I59,points) -> 2040 | D59: Abby | E59: =D58 -> Watty | F59: 2013 | G59: 6 | H59: 4.2 | I59: 51 | J59: =I59-I58 -> -77 | K59: =IF(J59>0,"W",IF(J59<0,"L","T")) -> L | L59: =D59 -> Abby | M59: =VLOOKUP(L59,References!$A$2:$B$16,2,FALSE) -> AKCOVA | N59: =IF(M59=M58,"N","Y") -> N | O59: =SUM(I58:I59) -> 179 | P59: =I59-J59 -> 128
A60: =F60&D60&G60 -> 2013BR6 | B60: =RANK(J60,diff) -> 2070 | C60: =RANK(I60,points) -> 2088 | D60: BR | E60: =D61 -> Brian | F60: 2013 | G60: 6 | H60: 5.1 | I60: 36 | J60: =I60-I61 -> -69 | K60: =IF(J60>0,"W",IF(J60<0,"L","T")) -> L | L60: =D60 -> BR | M60: =VLOOKUP(L60,References!$A$2:$B$16,2,FALSE) -> AKCOVA | N60: =IF(M60=M61,"N","Y") -> Y | O60: =SUM(I60:I61) -> 141 | P60: =I60-J60 -> 105
A61: =F61&D61&G61 -> 2013Brian6 | B61: =RANK(J61,diff) -> 23 | C61: =RANK(I61,points) -> 540 | D61: Brian | E61: =D60 -> BR | F61: 2013 | G61: 6 | H61: 5.2 | I61: 105 | J61: =I61-I60 -> 69 | K61: =IF(J61>0,"W",IF(J61<0,"L","T")) -> W | L61: =D61 -> Brian | M61: =VLOOKUP(L61,References!$A$2:$B$16,2,FALSE) -> TEXAROK | N61: =IF(M61=M60,"N","Y") -> Y | O61: =SUM(I60:I61) -> 141 | P61: =I61-J61 -> 36
A62: =F62&D62&G62 -> 2013David7 | B62: =RANK(J62,diff) -> 371 | C62: =RANK(I62,points) -> 1027 | D62: David | E62: =D63 -> Michael | F62: 2013 | G62: 7 | H62: 1.1 | I62: 90 | J62: =I62-I63 -> 27 | K62: =IF(J62>0,"W",IF(J62<0,"L","T")) -> W | L62: =D62 -> David | M62: =VLOOKUP(L62,References!$A$2:$B$16,2,FALSE) -> TEXAROK | N62: =IF(M62=M63,"N","Y") -> Y | O62: =SUM(I62:I63) -> 153 | P62: =I62-J62 -> 63
